Entity,Code,Date,"Excess mortality P-scores, ages 15–64","Excess mortality P-scores, ages 65–74","Excess mortality P-scores, ages 75–84","Excess mortality P-scores, ages 85+"
Austria,AUT,2020-01-05,-4.99,-23.21,-5.11,-11.17
Austria,AUT,2020-01-12,-1.45,-5.43,-5.3,-13.4
Austria,AUT,2020-01-19,-7.32,-1.09,9.77,-2.91
Austria,AUT,2020-01-26,14.2,-5.11,10.18,-5.01
Austria,AUT,2020-02-02,-5.91,-0.22,19.98,5.79
Austria,AUT,2020-02-09,-16.28,-9.78,-0.24,-10.87
Austria,AUT,2020-02-16,-4.52,-13.27,-5.86,-1.03
Austria,AUT,2020-02-23,-6.12,-2.4,-2.31,-8.64
Austria,AUT,2020-03-01,-2.48,-9.93,6.6,-6.26
Austria,AUT,2020-03-08,6.27,-0.76,2.22,-4.07
Austria,AUT,2020-03-15,5.4,-3.98,2.8,-1.56
Austria,AUT,2020-03-22,11.83,4.28,27.5,11.95
Austria,AUT,2020-03-29,6.07,-9.3,19.52,6.12
Austria,AUT,2020-04-05,12.8,1.28,24.06,15.87
Austria,AUT,2020-04-12,14.38,4.58,21.43,18.05
Austria,AUT,2020-04-19,3.67,3.78,18.82,13.57
Austria,AUT,2020-04-26,7.78,2.1,17.5,4.01
Austria,AUT,2020-05-03,8.21,-15.32,3.49,3.98
Austria,AUT,2020-05-10,5.43,2.06,8.47,5.99
Austria,AUT,2020-05-17,-5.35,3.91,6.72,-0.14
Austria,AUT,2020-05-24,-6.86,3.49,16.11,1.08
Austria,AUT,2020-05-31,14.3,-5.85,-5.35,2.04
Austria,AUT,2020-06-07,11.69,-2.46,6.55,5.7
Austria,AUT,2020-06-14,-0.27,-0.69,2.65,2.22
Austria,AUT,2020-06-21,-6.08,-8.47,-1.71,8.84
Austria,AUT,2020-06-28,-6.57,-1.41,0.51,9.83
Austria,AUT,2020-07-05,1.21,12.68,8.7,10.29
Austria,AUT,2020-07-12,-1.09,-1.17,2.73,-1.09
Austria,AUT,2020-07-19,-10.12,10.27,8.05,-9.27
Austria,AUT,2020-07-26,2.05,-4.76,3.14,-6.67
Austria,AUT,2020-08-02,0.26,-1.19,9.69,-2.67
Austria,AUT,2020-08-09,-0.54,-7.18,9.18,-2.44
Austria,AUT,2020-08-16,-2.61,8.26,17.1,10.23
Austria,AUT,2020-08-23,-8.64,-0.18,14.1,0.77
Austria,AUT,2020-08-30,-3.83,-7.34,17.78,5.5
Austria,AUT,2020-09-06,4.03,4.76,23.08,7.31
Austria,AUT,2020-09-13,19.25,-1.47,13.26,8.96
Austria,AUT,2020-09-20,2.16,12.3,11.8,12.04
Austria,AUT,2020-09-27,-1.01,-1.67,3.47,8.87
Austria,AUT,2020-10-04,-2.39,16.72,5.63,3
Austria,AUT,2020-10-11,10.95,3.95,16.4,0.91
Austria,AUT,2020-10-18,2.66,12.27,11.45,3.73
Austria,AUT,2020-10-25,4.15,7.69,28.34,20.01
Austria,AUT,2020-11-01,12.83,24,32.24,25.27
Austria,AUT,2020-11-08,16.39,22.87,56.73,27.01
Austria,AUT,2020-11-15,-1.82,39.83,59.19,58.39
Austria,AUT,2020-11-22,32.84,28.01,80.75,60.82
Austria,AUT,2020-11-29,18.11,33.78,78.79,66.77
Austria,AUT,2020-12-06,27.98,52.48,65.77,67.49
Austria,AUT,2020-12-13,31.32,40.28,66.52,58.24
Austria,AUT,2020-12-20,15.28,26.62,47.99,39.68
Austria,AUT,2020-12-27,-0.96,16.79,41.91,18.72
Austria,AUT,2021-01-03,1.43,20.92,23.17,12.29
Austria,AUT,2021-01-10,-5.91,12.93,11.6,6.79
Austria,AUT,2021-01-17,-5.78,16.84,9.2,0.52
Belgium,BEL,2020-01-05,-6.12,0.11,-12.4,-4.27
Belgium,BEL,2020-01-12,-1.25,4.57,-10.7,3.23
Belgium,BEL,2020-01-19,-12.04,8.98,-12.02,-1.25
Belgium,BEL,2020-01-26,-11.95,4.34,-15.04,-8.34
Belgium,BEL,2020-02-02,0.87,2.18,-8.01,-7.83
Belgium,BEL,2020-02-09,-4.24,-3.29,-14.59,-16.53
Belgium,BEL,2020-02-16,-3.64,3.8,-11.77,-10.8
Belgium,BEL,2020-02-23,-2.06,6.39,-14.1,-8.01
Belgium,BEL,2020-03-01,-22.72,-1.56,-10.07,-11.02
Belgium,BEL,2020-03-08,-7.1,-4.47,-16.35,-6.86
Belgium,BEL,2020-03-15,5.95,1.12,-7.08,-6.56
Belgium,BEL,2020-03-22,-0.28,27.26,8.5,11.09
Belgium,BEL,2020-03-29,7.73,50.17,46.58,54.01
Belgium,BEL,2020-04-05,26.41,79.41,90.83,119.66
Belgium,BEL,2020-04-12,26.43,64.94,119.81,143.77
Belgium,BEL,2020-04-19,8.99,63.16,71.27,124.63
Belgium,BEL,2020-04-26,9.75,32.02,43.39,78.5
Belgium,BEL,2020-05-03,-5.91,14.28,16.67,37.24
Belgium,BEL,2020-05-10,-5.78,14.08,13.16,33.8
Belgium,BEL,2020-05-17,-1.18,5.3,-0.92,7.5
Belgium,BEL,2020-05-24,-5.29,3.36,-3.77,18.76
Belgium,BEL,2020-05-31,5.76,1.5,-16.7,18.31
Belgium,BEL,2020-06-07,-12.14,2.62,-10.64,2.59
Belgium,BEL,2020-06-14,-0.53,4.03,-3.01,7.25
Belgium,BEL,2020-06-21,-12.14,-5.24,-10.74,2.23
Belgium,BEL,2020-06-28,-6.41,17.99,-2.33,7.53
Belgium,BEL,2020-07-05,-10.98,-7.64,-21.54,-7.43
Belgium,BEL,2020-07-12,-8.46,-2.75,-12.78,-8.15
Belgium,BEL,2020-07-19,-5.21,-0.06,-5.9,0.16
Belgium,BEL,2020-07-26,-11.84,-1.75,-15.21,-5.93
Belgium,BEL,2020-08-02,-2.56,7.05,2.69,6.38
Belgium,BEL,2020-08-09,-8.09,13.8,10.08,13.82
Belgium,BEL,2020-08-16,23.75,48.58,44.68,80.03
Belgium,BEL,2020-08-23,7.33,20.11,6.42,27.45
Belgium,BEL,2020-08-30,-10.97,0.71,-1,1.43
Belgium,BEL,2020-09-06,8.11,5.48,-3.76,5.13
Belgium,BEL,2020-09-13,0.95,6.77,-9.36,-2.27
Belgium,BEL,2020-09-20,-3.19,14.89,-4.97,16.26
Belgium,BEL,2020-09-27,2.87,2.56,-6.17,4.85
Belgium,BEL,2020-10-04,-10.74,4.99,1.5,-3.05
Belgium,BEL,2020-10-11,-4.3,16.71,0.63,0.91
Belgium,BEL,2020-10-18,8.65,14.21,8.05,5.05
Belgium,BEL,2020-10-25,12.78,18.25,32.46,44.25
Belgium,BEL,2020-11-01,24.07,63.85,80.55,72.39
Belgium,BEL,2020-11-08,25.9,87.9,86.68,103.67
Belgium,BEL,2020-11-15,25.57,58.87,68.7,87.95
Belgium,BEL,2020-11-22,12.16,53.35,53.67,63.23
Belgium,BEL,2020-11-29,7.39,43.63,29.36,52.93
Belgium,BEL,2020-12-06,9.62,27.34,19.11,32.56
Belgium,BEL,2020-12-13,9.15,21.47,20.98,35.51
Belgium,BEL,2020-12-20,-6.36,15.95,21.4,32.37
Belgium,BEL,2020-12-27,-7.56,15.1,8.5,29.97
Belgium,BEL,2021-01-03,-4.38,18.19,8.34,9.27
Belgium,BEL,2021-01-10,-17.6,4.6,-1.77,9.61
Bulgaria,BGR,2020-01-05,-22.02,-14.72,-20.54,-15.69
Bulgaria,BGR,2020-01-12,-11.42,-3.57,-17.68,-11.58
Bulgaria,BGR,2020-01-19,-16.76,-7.57,-20.73,-5.73
Bulgaria,BGR,2020-01-26,-5.84,1.48,-16.38,6.58
Bulgaria,BGR,2020-02-02,-9.3,1.06,-2.91,6.37
Bulgaria,BGR,2020-02-09,2.51,6.46,-9.31,9.3
Bulgaria,BGR,2020-02-16,7.33,0.12,-1.3,-2.25
Bulgaria,BGR,2020-02-23,-2.62,-0.15,-11.96,-4.73
Bulgaria,BGR,2020-03-01,-8.88,3.2,-11.76,2.55
Bulgaria,BGR,2020-03-08,-15.08,1.24,-14.23,-8.75
Bulgaria,BGR,2020-03-15,-3.52,-0.93,-14.42,-1.22
Bulgaria,BGR,2020-03-22,-8.34,-1.26,-12.49,1.03
Bulgaria,BGR,2020-03-29,-9.51,2.54,-5.77,2.13
Bulgaria,BGR,2020-04-05,4.02,0.21,-11.88,-4.84
Bulgaria,BGR,2020-04-12,1.5,9.11,-10.3,-4.54
Bulgaria,BGR,2020-04-19,8.31,-3.97,-7.08,-1.72
Bulgaria,BGR,2020-04-26,0.77,0.42,-12.92,0.4
Bulgaria,BGR,2020-05-03,-3.65,2.46,-17.76,-0.12
Bulgaria,BGR,2020-05-10,-7.39,4.69,-11.58,-6.45
Bulgaria,BGR,2020-05-17,-1.4,12.4,4.27,8.24
Bulgaria,BGR,2020-05-24,-7.56,0.99,-7.33,-0.76
Bulgaria,BGR,2020-05-31,-9.16,12.61,-11.03,-21.54
Bulgaria,BGR,2020-06-07,-9.05,-0.18,0.87,4.89
Bulgaria,BGR,2020-06-14,2.96,4.67,-3.66,0.21
Bulgaria,BGR,2020-06-21,4.17,5.57,-10.31,-2.52
Bulgaria,BGR,2020-06-28,-0.68,8.4,-13.31,-1.21
Bulgaria,BGR,2020-07-05,10.92,13.64,5.53,23.6
Bulgaria,BGR,2020-07-12,1.54,5.13,10.36,4.38
Bulgaria,BGR,2020-07-19,0.26,12.31,-8.22,-6.82
Bulgaria,BGR,2020-07-26,-4.17,7.95,-4.29,3.46
Bulgaria,BGR,2020-08-02,1.07,13.75,2.63,23.56
Bulgaria,BGR,2020-08-09,-8.01,19.81,2.95,13.17
Bulgaria,BGR,2020-08-16,9.8,10.01,3.05,4.01
Bulgaria,BGR,2020-08-23,-2.9,12.83,1.01,6.61
Bulgaria,BGR,2020-08-30,9.5,10.38,-4.11,12.82
Bulgaria,BGR,2020-09-06,13.69,11.93,-3.5,13.31
Bulgaria,BGR,2020-09-13,1.83,8.67,-1.83,14.83
Bulgaria,BGR,2020-09-20,-1.48,15.67,-2.2,-2.63
Bulgaria,BGR,2020-09-27,-1.37,7.71,5.76,-4.96
Bulgaria,BGR,2020-10-04,3.21,14.41,-10.27,7.02
Bulgaria,BGR,2020-10-11,4.06,11.8,-0.51,5.81
Bulgaria,BGR,2020-10-18,3.18,9.28,3.43,2.43
Bulgaria,BGR,2020-10-25,13.11,28.37,5.98,16.28
Bulgaria,BGR,2020-11-01,35.99,31.86,30.38,27.35
Bulgaria,BGR,2020-11-08,64.02,78.29,46.35,32.23
Bulgaria,BGR,2020-11-15,84.56,114.14,75.43,71.45
Bulgaria,BGR,2020-11-22,92.88,137.99,119.12,91.19
Bulgaria,BGR,2020-11-29,111.19,157.56,120.05,110.93
Bulgaria,BGR,2020-12-06,101.52,153.21,123.1,96.28
Bulgaria,BGR,2020-12-13,73.92,121.89,91,105.48
Bulgaria,BGR,2020-12-20,57.64,94.18,79.93,69.74
Bulgaria,BGR,2020-12-27,23.16,49.94,38.46,32.1
Bulgaria,BGR,2021-01-03,17.26,42.43,15.04,19.83
Bulgaria,BGR,2021-01-10,-21.28,13.52,2.23,-2.77
Bulgaria,BGR,2021-01-17,-15.13,-2.68,-1.44,-10.98
Canada,CAN,2020-01-05,-6.39,7.1,4.28,1.12
Canada,CAN,2020-01-12,3.44,4.27,1.8,-1.04
Canada,CAN,2020-01-19,4.94,1.01,-1.31,0.8
Canada,CAN,2020-01-26,0.6,6.99,4.54,2.63
Canada,CAN,2020-02-02,1.17,1.09,-1.53,1.18
Canada,CAN,2020-02-09,0.66,2.73,0.15,2.96
Canada,CAN,2020-02-16,-0.19,3.34,0.93,-5.02
Canada,CAN,2020-02-23,-9.32,0.65,-1.8,2.39
Canada,CAN,2020-03-01,-4.85,7.93,5.05,-0.56
Canada,CAN,2020-03-08,4.48,2.84,0.17,1.95
Canada,CAN,2020-03-15,-0.32,4.9,2.41,0.92
Canada,CAN,2020-03-22,0.86,12.07,9.38,3.07
Canada,CAN,2020-03-29,-6.02,13.46,10.78,8.76
Canada,CAN,2020-04-05,10.13,14.15,11.16,23.81
Canada,CAN,2020-04-12,8.65,22.39,19.57,29.13
Canada,CAN,2020-04-19,1.9,22.94,19.86,38.06
Canada,CAN,2020-04-26,6.88,29.2,25.6,45.53
Canada,CAN,2020-05-03,10.12,25.07,22.32,44.51
Canada,CAN,2020-05-10,13.92,20.56,17.31,32.28
Canada,CAN,2020-05-17,9.94,20.48,17.73,24.33
Canada,CAN,2020-05-24,14.44,14.08,11.24,20.67
Canada,CAN,2020-05-31,11.09,18.96,15.65,21.61
Canada,CAN,2020-06-07,11,13.78,11.09,10.01
Canada,CAN,2020-06-14,7.57,8.19,5.28,0.87
Canada,CAN,2020-06-21,9.07,10.53,8.21,5.55
Canada,CAN,2020-06-28,4.69,10.43,7.56,8.23
Canada,CAN,2020-07-05,8.76,5.05,2.31,3.23
Canada,CAN,2020-07-12,10.33,12.86,10.19,5.26
Canada,CAN,2020-07-19,15.33,8.76,5.67,5.88
Canada,CAN,2020-07-26,10.91,11.19,8.74,1.89
Canada,CAN,2020-08-02,9.99,11,8.33,6.93
Canada,CAN,2020-08-09,10.41,8.1,5.53,4.7
Canada,CAN,2020-08-16,9.55,14.04,11.29,11.11
Canada,CAN,2020-08-23,10.86,15.12,12.46,7.71
Canada,CAN,2020-08-30,4.94,9.19,6.5,5.16
Canada,CAN,2020-09-06,17.98,8.75,5.97,9.15
Canada,CAN,2020-09-13,6.34,10.8,8.12,7.26
Canada,CAN,2020-09-20,6.67,14.8,12,8.37
Canada,CAN,2020-09-27,7.62,17.48,14.47,11.59
Canada,CAN,2020-10-04,11.37,12.16,9.23,5.17
Canada,CAN,2020-10-11,11.39,12.71,10.02,9.84
Canada,CAN,2020-10-18,2.7,7.41,4.76,-1.58
Chile,CHL,2020-01-05,5.47,13.08,3.37,11.97
Chile,CHL,2020-01-12,14.11,2.9,5.98,26.13
Chile,CHL,2020-01-19,2.43,5.39,8.19,18.32
Chile,CHL,2020-01-26,-0.34,0.82,7.87,4.64
Chile,CHL,2020-02-02,0.91,-2.88,0.89,12.5
Chile,CHL,2020-02-09,5.74,10.27,7.81,12.83
Chile,CHL,2020-02-16,10.37,-2.82,11.55,-0.11
Chile,CHL,2020-02-23,-3.57,-7.54,7.42,7.42
Chile,CHL,2020-03-01,0.87,3.07,13.24,7.86
Chile,CHL,2020-03-08,-2.64,2.37,6.94,15.46
Chile,CHL,2020-03-15,11.95,16.51,0.66,5.52
Chile,CHL,2020-03-22,8.14,11.18,12.14,15.12
Chile,CHL,2020-03-29,7.21,4.91,9.86,15.79
Chile,CHL,2020-04-05,9.56,7.59,23.33,3.83
Chile,CHL,2020-04-12,-0.1,-2.75,2.37,14.48
Chile,CHL,2020-04-19,6.4,-2.43,16.04,15.39
Chile,CHL,2020-04-26,6.33,13.78,6.75,-0.55
Chile,CHL,2020-05-03,7.99,11.33,5.08,1.68
Chile,CHL,2020-05-10,19.42,19.81,22.18,20.02
Chile,CHL,2020-05-17,19.37,27.75,14.55,21.61
Chile,CHL,2020-05-24,41.49,38.11,45.33,21.04
Chile,CHL,2020-05-31,54.89,70.08,65,37.38
Chile,CHL,2020-06-07,70.31,95.26,76.56,49.76
Chile,CHL,2020-06-14,54.63,94.67,80.94,46.63
Chile,CHL,2020-06-21,62.81,80.21,52.96,34.87
Chile,CHL,2020-06-28,57.77,64.51,38,29.85
Chile,CHL,2020-07-05,36.98,31.57,32.29,20.24
Chile,CHL,2020-07-12,32.14,46.52,25.63,9.99
Chile,CHL,2020-07-19,15.58,34.88,16.13,6.27
Chile,CHL,2020-07-26,16.3,22.59,15.6,8.56
Chile,CHL,2020-08-02,14.89,26.1,13.11,7.24
Chile,CHL,2020-08-09,0.98,24.95,12.74,9.62
Chile,CHL,2020-08-16,12.24,20.12,5.4,2.09
Chile,CHL,2020-08-23,21.38,19.63,17.09,13.32
Chile,CHL,2020-08-30,19.58,6.01,19.73,15.38
Chile,CHL,2020-09-06,9.22,18.08,7.14,3.88
Chile,CHL,2020-09-13,5.74,12.2,16.21,14.22
Chile,CHL,2020-09-20,1.77,16.35,13.26,6.89
Chile,CHL,2020-09-27,12.99,19.18,9.66,7.72
Chile,CHL,2020-10-04,27.87,7.49,14.87,3
Chile,CHL,2020-10-11,14.01,28.56,18.75,24.19
Chile,CHL,2020-10-18,23.45,16.1,16.81,12.23
Chile,CHL,2020-10-25,21.56,24.72,20.18,8.91
Chile,CHL,2020-11-01,21.3,26.72,20.96,1.93
Chile,CHL,2020-11-08,16.81,17.41,18.73,11.41
Chile,CHL,2020-11-15,9.49,12.37,21.48,8.46
Chile,CHL,2020-11-22,9.78,7.82,28.04,5.28
Chile,CHL,2020-11-29,9.06,24.27,16.38,20.61
Chile,CHL,2020-12-06,8.07,32.76,23.54,10.74
Chile,CHL,2020-12-13,6.92,13.96,30.43,15
Chile,CHL,2020-12-20,14.26,23.19,20.26,9.42
Chile,CHL,2020-12-27,23.16,35.68,37.03,31.73
Chile,CHL,2021-01-03,14.62,25.42,39.8,27.34
Chile,CHL,2021-01-10,12.37,40.08,28.71,24.08
Chile,CHL,2021-01-17,17.55,24.69,33.76,26.13
Croatia,HRV,2020-01-05,-10.9,-7.57,-29.06,-9.17
Croatia,HRV,2020-01-12,-14.57,-18.26,-21.06,-9.79
Croatia,HRV,2020-01-19,-21.27,-2.74,-30.02,-13.37
Croatia,HRV,2020-01-26,-5.84,-0.09,-13.86,-7.51
Croatia,HRV,2020-02-02,-8.39,5.09,-20.25,-2.04
Croatia,HRV,2020-02-09,-19.72,-8.97,-17.44,8.37
Croatia,HRV,2020-02-16,-7,3.36,-9.33,-1.54
Croatia,HRV,2020-02-23,-6.16,-9.36,-10.49,1.22
Croatia,HRV,2020-03-01,-16.21,2.02,-19.84,2.99
Croatia,HRV,2020-03-08,-10.83,7.04,-16.38,0.36
Croatia,HRV,2020-03-15,-0.44,16.49,-12.46,2.06
Croatia,HRV,2020-03-22,-2.48,17.36,-5.78,8.48
Croatia,HRV,2020-03-29,4.17,13.64,11.2,4.02
Croatia,HRV,2020-04-05,-12.51,-0.2,-9.24,6.81
Croatia,HRV,2020-04-12,-10.17,4.95,-12.87,19.06
Croatia,HRV,2020-04-19,-6.78,8.75,-2.09,6.43
Croatia,HRV,2020-04-26,-13.75,-25.33,-18.53,-0.56
Croatia,HRV,2020-05-03,-8.95,-2.76,-11.8,-1.92
Croatia,HRV,2020-05-10,-14.36,14.11,-22.93,1.73
Croatia,HRV,2020-05-17,-21.2,3.87,-13.52,16.87
Croatia,HRV,2020-05-24,-14.91,8.8,-10,-0.08
Croatia,HRV,2020-05-31,-19.88,5.23,-18.58,0.37
Croatia,HRV,2020-06-07,-0.52,7.15,-5.13,9.76
Croatia,HRV,2020-06-14,2.92,15.43,-11.31,17.92
Croatia,HRV,2020-06-21,-22.71,11.38,-15.64,13.9
Croatia,HRV,2020-06-28,-4.02,-5.09,-2.03,15.72
Croatia,HRV,2020-07-05,-19.63,12.03,-6.63,18.38
Croatia,HRV,2020-07-12,-9.99,1.91,-12.31,10.04
Croatia,HRV,2020-07-19,-8.51,-4.42,-5.67,-9.99
Croatia,HRV,2020-07-26,-3.39,-1.38,-10.02,11.47
Croatia,HRV,2020-08-02,5.44,11.43,7.01,17.02
Croatia,HRV,2020-08-09,-13.07,11.11,-6.62,9.34
Croatia,HRV,2020-08-16,-13.94,-0.8,-5.4,11.85
Croatia,HRV,2020-08-23,-17.61,18.19,-6.46,12.33
Croatia,HRV,2020-08-30,-4.38,9.32,3.35,15.17
Croatia,HRV,2020-09-06,-14.63,25.31,-2.59,14.59
Croatia,HRV,2020-09-13,-1.88,21.71,5.38,21.89
Croatia,HRV,2020-09-20,-12.92,7.39,-4.88,25.69
Croatia,HRV,2020-09-27,-16.18,16.68,-7.85,13.62
Croatia,HRV,2020-10-04,11.46,36.68,-3.86,11.23
Croatia,HRV,2020-10-11,-5.11,0.64,-10.7,12.67
Croatia,HRV,2020-10-18,9.43,25.86,10.57,18.29
Croatia,HRV,2020-10-25,-0.46,34.86,5.73,33.04
Croatia,HRV,2020-11-01,-11.69,31.46,16.75,36.07
Croatia,HRV,2020-11-08,0,41.25,26.43,49.28
Croatia,HRV,2020-11-15,7.9,55.13,31.24,47.53
Croatia,HRV,2020-11-22,20.13,75.39,44.61,63.61
Croatia,HRV,2020-11-29,10.11,39.64,59.29,37.98
Czechia,CZE,2020-01-05,-3.57,-2.7,-1.02,-3.47
Czechia,CZE,2020-01-12,-7.15,-8.75,4.29,3.36
Czechia,CZE,2020-01-19,-17.63,-3.05,-3.34,-3.97
Czechia,CZE,2020-01-26,-5.37,-3.1,1.94,-3.75
Czechia,CZE,2020-02-02,-10.55,-4.47,-0.45,5.04
Czechia,CZE,2020-02-09,-13.76,-1.65,-2.38,-3.51
Czechia,CZE,2020-02-16,-18.07,-3.12,-4.12,2
Czechia,CZE,2020-02-23,-14.18,-13.96,0.34,-1.38
Czechia,CZE,2020-03-01,-10.64,-5.4,-1.61,-3.01
Czechia,CZE,2020-03-08,-5.98,-1.85,-9.36,-2.14
Czechia,CZE,2020-03-15,-11.85,3.33,0.67,-0.14
Czechia,CZE,2020-03-22,-4.87,4,1.83,6.35
Czechia,CZE,2020-03-29,1.18,3.14,8.76,2.94
Czechia,CZE,2020-04-05,-7.64,15.8,15.38,2.78
Czechia,CZE,2020-04-12,-4.29,1.93,12.14,8.86
Czechia,CZE,2020-04-19,2.25,0.46,8.75,0.07
Czechia,CZE,2020-04-26,-9.38,-5.94,-3.21,0.64
Czechia,CZE,2020-05-03,-7.65,10.41,9.29,1.01
Czechia,CZE,2020-05-10,-11.7,-1.46,2.39,2.17
Czechia,CZE,2020-05-17,3.47,7.26,-3.64,4.08
Czechia,CZE,2020-05-24,-14.31,-4.41,2.44,-2.79
Czechia,CZE,2020-05-31,-23.04,2.93,-12.11,5.53
Czechia,CZE,2020-06-07,-7.68,12.64,22.41,5.24
Czechia,CZE,2020-06-14,-8.24,0.42,9.19,1.42
Czechia,CZE,2020-06-21,-0.16,7.72,5.21,2.97
Czechia,CZE,2020-06-28,-3.44,6.67,10.97,7.69
Czechia,CZE,2020-07-05,-0.05,5.67,7.55,9.85
Czechia,CZE,2020-07-12,-7.19,-0.92,6.03,0.79
Czechia,CZE,2020-07-19,-10.59,8.01,0.25,-1.61
Czechia,CZE,2020-07-26,4.43,0.24,2.99,3.25
Czechia,CZE,2020-08-02,3.52,5.29,14.11,11.13
Czechia,CZE,2020-08-09,-3.89,7.4,16.72,3.12
Czechia,CZE,2020-08-16,2.11,12.1,7.45,3.08
Czechia,CZE,2020-08-23,6.46,5.47,8.64,5.88
Czechia,CZE,2020-08-30,-7.05,-1.48,9.2,9.9
Czechia,CZE,2020-09-06,-3.57,8.5,6.27,1.72
Czechia,CZE,2020-09-13,-10.34,8.39,13.43,6.87
Czechia,CZE,2020-09-20,-2.47,3.61,25.31,14.42
Czechia,CZE,2020-09-27,3.41,10.86,25.65,25.21
Czechia,CZE,2020-10-04,0.44,11.02,24.45,12.33
Czechia,CZE,2020-10-11,1.04,29.78,36.5,18.86
Czechia,CZE,2020-10-18,13.53,40.84,51.64,50.89
Czechia,CZE,2020-10-25,24.16,58.67,96.59,96.92
Czechia,CZE,2020-11-01,37.55,97.77,143.94,113.2
Czechia,CZE,2020-11-08,35.6,73.85,157.52,131.12
Czechia,CZE,2020-11-15,23.51,75.55,111.15,104.06
Czechia,CZE,2020-11-22,29.17,52.1,90.8,65.37
Czechia,CZE,2020-11-29,15.45,42.97,65.88,65.23
Czechia,CZE,2020-12-06,19.64,47.32,54.84,50.37
Czechia,CZE,2020-12-13,3.05,25,67.69,54.04
Czechia,CZE,2020-12-20,17.08,30.03,60.82,52.54
Denmark,DNK,2020-01-05,-12.4,3.86,-2.22,3.62
Denmark,DNK,2020-01-12,-0.24,3.22,1.55,7.21
Denmark,DNK,2020-01-19,-15.16,-2.58,0.56,-1.51
Denmark,DNK,2020-01-26,-13.75,-7.72,-3.56,-5.43
Denmark,DNK,2020-02-02,6.12,-13.92,2.05,-10.9
Denmark,DNK,2020-02-09,-7.19,-14.6,8.57,-10.12
Denmark,DNK,2020-02-16,-19.84,-7.82,-2.69,-10.53
Denmark,DNK,2020-02-23,3.18,-11.52,-12.39,-12.59
Denmark,DNK,2020-03-01,-23.35,-5.78,-13.3,-13.35
Denmark,DNK,2020-03-08,-12.74,-16.32,-1.48,-9.82
Denmark,DNK,2020-03-15,-11.1,3.51,-4.23,-15.87
Denmark,DNK,2020-03-22,-14.98,3.29,14.24,-2.18
Denmark,DNK,2020-03-29,-22.2,8.89,6.75,7.01
Denmark,DNK,2020-04-05,-2.25,10.28,28.7,-0.79
Denmark,DNK,2020-04-12,-19.22,15.83,18.4,5.66
Denmark,DNK,2020-04-19,-5.23,4.44,12.55,4.11
Denmark,DNK,2020-04-26,2.19,8.18,22.7,4.98
Denmark,DNK,2020-05-03,-20,-9.93,10.01,9.61
Denmark,DNK,2020-05-10,-2.3,-8.92,11.15,0.11
Denmark,DNK,2020-05-17,-10.12,-4.67,4.34,-2.11
Denmark,DNK,2020-05-24,-13.47,-0.4,8.77,7.27
Denmark,DNK,2020-05-31,-8.78,1.97,8.84,-5.17
Denmark,DNK,2020-06-07,-6.84,-11.59,7.67,0.98
Denmark,DNK,2020-06-14,3.12,-6.37,6.44,4.66
Denmark,DNK,2020-06-21,-7.38,-14.24,6.88,-0.53
Denmark,DNK,2020-06-28,-6.29,-6.81,20.91,5.02
Denmark,DNK,2020-07-05,6.04,-6.47,10.49,8.66
Denmark,DNK,2020-07-12,-8.64,-4.64,8.13,4.28
Denmark,DNK,2020-07-19,-4.31,3.43,15.21,8.48
Denmark,DNK,2020-07-26,-6.86,-8.15,2.83,-5.56
Denmark,DNK,2020-08-02,2.53,2.75,-1.05,4.72
Denmark,DNK,2020-08-09,-9.33,-9.7,7.42,4.42
Denmark,DNK,2020-08-16,5.01,7.14,11.4,-0.92
Denmark,DNK,2020-08-23,-10.64,-5.48,7.17,8.78
Denmark,DNK,2020-08-30,-8.47,-3.43,8.58,3.05
Denmark,DNK,2020-09-06,-18.68,2.15,9.29,13.76
Denmark,DNK,2020-09-13,-4.05,-17.9,12.48,12.91
Denmark,DNK,2020-09-20,-7.01,-3.71,29.64,14.77
Denmark,DNK,2020-09-27,-7.86,-0.1,5.24,-1.11
Denmark,DNK,2020-10-04,-18.76,-1.42,16.89,4.42
Denmark,DNK,2020-10-11,-18.14,-6.53,-3.14,-1.68
Denmark,DNK,2020-10-18,-1.23,2.53,11.54,-3.36
Denmark,DNK,2020-10-25,8.55,-9.09,23.71,14.44
Denmark,DNK,2020-11-01,1.66,-7.5,4.19,-2.28
Denmark,DNK,2020-11-08,-13.86,-12.21,23.85,1.29
Denmark,DNK,2020-11-15,-16.56,9.68,23.89,4.36
Denmark,DNK,2020-11-22,-6.72,-4.51,10.86,14.14
Denmark,DNK,2020-11-29,-0.39,-1.72,17.82,2.29
Denmark,DNK,2020-12-06,-7.43,-3.12,10.31,2.91
Denmark,DNK,2020-12-13,-11.76,-9.4,9.72,8.41
Denmark,DNK,2020-12-20,-5.35,17.48,28.87,26
Denmark,DNK,2020-12-27,-11.88,14.13,15.55,22.89
Denmark,DNK,2021-01-03,-4.54,10.38,19.02,31.59
Denmark,DNK,2021-01-10,-0.48,-2.72,26.9,8.08
Denmark,DNK,2021-01-17,-16.77,12.22,17.65,10.42
Denmark,DNK,2021-01-24,-12.56,3.65,26.94,21.11
England & Wales,,2020-01-05,-8.15,-3.59,2.9,2.89
England & Wales,,2020-01-12,1.31,0.26,3.35,1.46
England & Wales,,2020-01-19,7.68,-1.95,0.41,-5.92
England & Wales,,2020-01-26,-1.11,-1.28,-6.54,-11.62
England & Wales,,2020-02-02,0.29,2.36,-5.14,-8.81
England & Wales,,2020-02-09,-2.22,-5.06,-7.91,-10.2
England & Wales,,2020-02-16,-4.19,-4.6,-8.85,-4.51
England & Wales,,2020-02-23,-0.7,-3.42,-6.46,-8.76
England & Wales,,2020-03-01,1.42,-0.28,-6.21,-4.06
England & Wales,,2020-03-08,-1.99,-4.24,-4.02,-7.68
England & Wales,,2020-03-15,3.94,-1.9,-1.36,-3.87
England & Wales,,2020-03-22,0.67,4.01,2.42,-1.42
England & Wales,,2020-03-29,9.08,9.62,11.75,9.75
England & Wales,,2020-04-05,47.16,62.18,71.66,53.93
England & Wales,,2020-04-12,62.07,68.13,89.31,76.67
England & Wales,,2020-04-19,71.39,97.06,123.42,130.09
England & Wales,,2020-04-26,71.78,87.49,119.49,130
England & Wales,,2020-05-03,50.13,57.81,81.29,103.57
England & Wales,,2020-05-10,13.22,20.49,33.34,44.59
England & Wales,,2020-05-17,23.21,27.31,45.07,56.78
England & Wales,,2020-05-24,19.61,10.67,23.39,31.96
England & Wales,,2020-05-31,11.07,10.38,21.92,27.7
England & Wales,,2020-06-07,4.65,6.89,10,7.16
England & Wales,,2020-06-14,6.83,5.88,7.1,5.31
England & Wales,,2020-06-21,1.02,2.31,0.85,-3.56
England & Wales,,2020-06-28,-6.25,-2.68,-0.73,-4.36
England & Wales,,2020-07-05,2.12,1.35,1.37,-3.43
England & Wales,,2020-07-12,-3.54,-3.63,-3.91,-9.77
England & Wales,,2020-07-19,2.16,1.15,-0.11,-8.3
England & Wales,,2020-07-26,4.41,-3.41,-2.17,-3.23
England & Wales,,2020-08-02,6.03,3.39,-0.87,-5.65
England & Wales,,2020-08-09,6.8,-4.93,-1.09,-3.79
England & Wales,,2020-08-16,0.6,2.21,5.84,3.38
England & Wales,,2020-08-23,11.92,-0.03,8.24,2.7
England & Wales,,2020-08-30,19.26,8.49,11.88,4.96
England & Wales,,2020-09-06,-11.03,-11.24,-14.29,-20.09
England & Wales,,2020-09-13,3.63,8.11,6.8,4.51
England & Wales,,2020-09-20,8.51,1.56,4.65,0.25
England & Wales,,2020-09-27,10.03,2.4,3.67,-0.39
England & Wales,,2020-10-04,5.52,4.15,8.79,0.54
England & Wales,,2020-10-11,4.04,2.56,1.06,0.44
England & Wales,,2020-10-18,12.24,4.36,7.7,5.7
England & Wales,,2020-10-25,12.22,12.67,13.18,6.77
England & Wales,,2020-11-01,14.35,12.79,12.79,6.29
England & Wales,,2020-11-08,10.69,16.78,19.58,11.48
England & Wales,,2020-11-15,17.41,20.27,25.19,13.8
England & Wales,,2020-11-22,19.4,18.51,27.98,17.53
England & Wales,,2020-11-29,23.65,17.33,21.65,19.81
England & Wales,,2020-12-06,21.09,17.08,14.86,12.69
England & Wales,,2020-12-13,18.86,14.79,18.5,10.12
England & Wales,,2020-12-20,11.79,8.24,15.72,13.23
England & Wales,,2020-12-27,52.61,48.95,45.54,40.85
England & Wales,,2021-01-03,21.06,27.27,27.39,27.95
England & Wales,,2021-01-10,50.72,47.47,51.28,40.1
England & Wales,,2021-01-17,42.01,34.29,36.05,22.98
Estonia,EST,2020-01-05,-8.49,-19.5,-33.47,4.09
Estonia,EST,2020-01-12,10.22,5.59,-18.46,-5.89
Estonia,EST,2020-01-19,2.46,-31.09,3.85,-0.79
Estonia,EST,2020-01-26,-8.78,-15.31,-22.09,1.77
Estonia,EST,2020-02-02,3.51,-13.74,-14.14,-8.49
Estonia,EST,2020-02-09,-12.05,-41.27,-22.35,-6.54
Estonia,EST,2020-02-16,-19.19,-9.52,5.05,12.68
Estonia,EST,2020-02-23,2.52,-12.83,6.4,-2.59
Estonia,EST,2020-03-01,9.38,-6.14,-14.76,-5.81
Estonia,EST,2020-03-08,-3.78,-15.12,-14.51,-13.64
Estonia,EST,2020-03-15,-3.72,37.99,-13.17,9.14
Estonia,EST,2020-03-22,-0.36,23.55,-5.43,-4.67
Estonia,EST,2020-03-29,11.3,4.81,6.99,-4.58
Estonia,EST,2020-04-05,-11.55,20.07,-14.85,22.9
Estonia,EST,2020-04-12,-7.05,35.46,-10.49,10.15
Estonia,EST,2020-04-19,16.28,13.97,-4.76,-0.44
Estonia,EST,2020-04-26,30.35,0.69,-4.11,33.26
Estonia,EST,2020-05-03,12.54,21.34,5.03,-3.89
Estonia,EST,2020-05-10,23.73,1.06,24.05,-3.51
Estonia,EST,2020-05-17,3.45,-6.86,-17.23,2.42
Estonia,EST,2020-05-24,3.15,16,-16.67,-3.37
Estonia,EST,2020-05-31,-0.35,-2.49,3.25,34.57
Estonia,EST,2020-06-07,-2.53,-23.37,12.15,-4.48
Estonia,EST,2020-06-14,9.54,-4.76,17.21,-7.18
Estonia,EST,2020-06-21,-5.08,11.74,-17.1,19.22
Estonia,EST,2020-06-28,2.94,28.69,-7.26,27.88
Estonia,EST,2020-07-05,32.3,10.47,-27.71,12.9
Estonia,EST,2020-07-12,11.94,-2.78,-11.91,20.3
Estonia,EST,2020-07-19,-24.83,6.56,14.8,13.74
Estonia,EST,2020-07-26,10.17,-11.88,4.07,14.49
Estonia,EST,2020-08-02,11.11,24.44,-4.7,29.11
Estonia,EST,2020-08-09,7.14,17.75,-16.27,12.62
Estonia,EST,2020-08-16,0.33,-5.56,18.87,6.8
Estonia,EST,2020-08-23,-6.9,1.12,-3.51,10.03
Estonia,EST,2020-08-30,-16.94,6.12,22.15,21.62
Estonia,EST,2020-09-06,30.51,-1.16,-16.45,13.92
Estonia,EST,2020-09-13,-5.17,-4.38,-16.88,3.33
Estonia,EST,2020-09-20,23.71,20.82,-14.58,24.38
Estonia,EST,2020-09-27,13.72,12.73,-2.75,36.36
Estonia,EST,2020-10-04,-19.24,-7.69,12.15,25.56
Estonia,EST,2020-10-11,-28.36,15.53,-4.65,3.86
Estonia,EST,2020-10-18,-2.56,-6.03,7.4,23.57
Estonia,EST,2020-10-25,-17.76,11.54,-3.37,22.03
Estonia,EST,2020-11-01,-13.85,-18.52,3.88,-10.87
Estonia,EST,2020-11-08,-2.99,7.29,-7.08,16.2
Estonia,EST,2020-11-15,10.69,-0.34,-1.64,-3.19
Estonia,EST,2020-11-22,16.67,28.05,-7.93,25.3
Estonia,EST,2020-11-29,14.79,46.07,-5.56,19.83
Estonia,EST,2020-12-06,-13.04,10.91,15.29,35.42
Estonia,EST,2020-12-13,-13.11,36.36,14.54,22.11
Estonia,EST,2020-12-20,10.71,27.42,-4.19,11.66
Estonia,EST,2020-12-27,-2.32,48.7,9.24,9.07
Estonia,EST,2021-01-03,12.58,7.81,7.14,28.38
Estonia,EST,2021-01-10,-8.49,14.55,6.85,16.73
Estonia,EST,2021-01-17,-16.93,27.33,12.9,15.97
Finland,FIN,2020-01-05,-16.05,-2.1,-19.68,-4.02
Finland,FIN,2020-01-12,-17.26,-4.88,-7.38,-10.22
Finland,FIN,2020-01-19,-12.75,-7.65,-15.44,-5.6
Finland,FIN,2020-01-26,-8.53,11.83,-9.12,-15.29
Finland,FIN,2020-02-02,-12.93,-2.86,-8.53,-2.49
Finland,FIN,2020-02-09,-5.26,20.15,-1.22,-6.73
Finland,FIN,2020-02-16,-11.76,-3.53,14.15,-3.18
Finland,FIN,2020-02-23,-10.14,-1.29,-8.58,9.39
Finland,FIN,2020-03-01,-10.24,5.4,-7.89,-8.43
Finland,FIN,2020-03-08,-16.16,6.17,4.06,1.47
Finland,FIN,2020-03-15,4.27,5.39,-6.49,1.15
Finland,FIN,2020-03-22,-2.49,10.99,0.2,2.97
Finland,FIN,2020-03-29,-7.55,11.11,10,1.02
Finland,FIN,2020-04-05,-11.54,1.6,8.25,4.49
Finland,FIN,2020-04-12,1.01,25.81,13.27,11.08
Finland,FIN,2020-04-19,1.36,-8.31,22.31,-2.68
Finland,FIN,2020-04-26,-9.57,14.65,13.4,20.54
Finland,FIN,2020-05-03,-6.21,6.52,10.06,15.93
Finland,FIN,2020-05-10,-7.26,20.5,9.08,7.88
Finland,FIN,2020-05-17,3.26,25.28,10.02,15.69
Finland,FIN,2020-05-24,2.42,15.34,-14.97,3.01
Finland,FIN,2020-05-31,-2.19,12.81,0.69,5.8
Finland,FIN,2020-06-07,-10.96,12.19,3.49,1.76
Finland,FIN,2020-06-14,0.28,16.82,7.78,-0.11
Finland,FIN,2020-06-21,0.53,8.61,11.49,14.68
Finland,FIN,2020-06-28,-4.3,27.47,2.49,6.52
Finland,FIN,2020-07-05,-22.92,0.73,8.59,18.29
Finland,FIN,2020-07-12,13.06,-3.63,0.7,-3.3
Finland,FIN,2020-07-19,4.91,2.93,11.15,5.03
Finland,FIN,2020-07-26,-0.68,11.72,-7.01,-3.24
Finland,FIN,2020-08-02,3.36,9.36,3.99,2.47
Finland,FIN,2020-08-09,-11.54,11.6,4.11,4.34
Finland,FIN,2020-08-16,6.33,0.91,-0.38,4.97
Finland,FIN,2020-08-23,14.81,1.23,6.12,4.89
Finland,FIN,2020-08-30,2.51,3.41,4.79,1.41
Finland,FIN,2020-09-06,-16.78,9.2,-9.45,13.23
Finland,FIN,2020-09-13,14.4,23.66,10.13,18.79
Finland,FIN,2020-09-20,0.98,-2.03,14.36,4.66
Finland,FIN,2020-09-27,-2.6,27.04,14.77,1.53
Finland,FIN,2020-10-04,-15.45,-10,-2.72,3.22
Finland,FIN,2020-10-11,-5.48,-11.98,2.9,-2.92
Finland,FIN,2020-10-18,-5.01,-11.5,9.17,15.76
Finland,FIN,2020-10-25,0.91,7.56,2.45,3.17
Finland,FIN,2020-11-01,12.47,-0.52,12.88,11.17
Finland,FIN,2020-11-08,1.44,3.23,3.07,3.7
Finland,FIN,2020-11-15,-2.08,8.5,2.39,1.88
Finland,FIN,2020-11-22,0.42,13.28,15.82,5.03
Finland,FIN,2020-11-29,-19.01,9.84,11.11,11.03
Finland,FIN,2020-12-06,-11.41,-1.23,8.25,8.65
Finland,FIN,2020-12-13,2.75,8.79,-2.93,4.5
Finland,FIN,2020-12-20,-8.43,0.1,-0.46,4.16
Finland,FIN,2020-12-27,-15.78,-2.67,-17.09,-28.42
France,FRA,2020-01-05,-3.85,6.09,-12.48,-5.38
France,FRA,2020-01-12,-6.69,13.72,-10.7,-2.15
France,FRA,2020-01-19,-6.18,4.53,-10.96,-3.71
France,FRA,2020-01-26,-7.57,4.85,-9.59,-6.24
France,FRA,2020-02-02,-3.67,6.38,-13.32,-2.53
France,FRA,2020-02-09,-9.05,5.74,-9.5,-6.53
France,FRA,2020-02-16,-7.14,2.87,-9.07,-6.61
France,FRA,2020-02-23,-9.35,1.77,-14.62,-7.77
France,FRA,2020-03-01,-8.54,8.93,-14.62,-6.8
France,FRA,2020-03-08,-1.16,1.91,-6.44,-4.92
France,FRA,2020-03-15,-3.31,15.78,-3.18,7.15
France,FRA,2020-03-22,3.11,31.18,18.57,20.43
France,FRA,2020-03-29,11.09,48.06,43.98,44.09
France,FRA,2020-04-05,21.82,59.87,66.57,82.86
France,FRA,2020-04-12,12.44,50.25,56.34,76.71
France,FRA,2020-04-19,3.78,33.59,36.3,57.03
France,FRA,2020-04-26,-1.76,22.07,10.83,26.92
France,FRA,2020-05-03,-8.3,11.37,-1.09,9.7
France,FRA,2020-05-10,-8.02,13.48,-2.44,8.63
France,FRA,2020-05-17,-2.26,10.16,-5.51,5.03
France,FRA,2020-05-24,1.78,10.89,-2.23,9.64
France,FRA,2020-05-31,-0.25,6.66,-3.8,3.25
France,FRA,2020-06-07,-6.97,8.08,-3.77,6.1
France,FRA,2020-06-14,-2.86,11.58,-3.26,5.23
France,FRA,2020-06-21,-12.15,6.72,-0.96,4.34
France,FRA,2020-06-28,-2.9,15.26,-1.19,12.56
France,FRA,2020-07-05,-11.26,6.14,-12.84,-6.14
France,FRA,2020-07-12,-6.61,5.18,-3.43,5.11
France,FRA,2020-07-19,-8.5,6.58,-8.45,-1.39
France,FRA,2020-07-26,-5.39,13.63,-4.96,2.01
France,FRA,2020-08-02,-4.3,12.04,3.81,11.08
France,FRA,2020-08-09,-3.31,18.36,-0.76,6.12
France,FRA,2020-08-16,8.5,28.37,10.83,20.77
France,FRA,2020-08-23,-5.06,10.98,-2.77,4.11
France,FRA,2020-08-30,-4.68,15.54,-1.88,2.4
France,FRA,2020-09-06,-3.94,19,-0.09,7.04
France,FRA,2020-09-13,1.01,13.8,1.25,12.46
France,FRA,2020-09-20,0.02,12.83,6.53,16.91
France,FRA,2020-09-27,-2.7,12.32,-4.73,3.81
France,FRA,2020-10-04,-0.39,18.53,2.18,12.23
France,FRA,2020-10-11,-2.69,15.53,7,5.19
France,FRA,2020-10-18,-4.71,18.86,5.18,15.91
France,FRA,2020-10-25,4.24,26.27,17.13,30.42
France,FRA,2020-11-01,0.69,31.19,24.54,44.36
France,FRA,2020-11-08,5.08,35.58,37.15,50.78
France,FRA,2020-11-15,2.57,31.67,35.97,50.86
France,FRA,2020-11-22,0.08,31.1,24.69,44.92
France,FRA,2020-11-29,3.16,23.92,20.23,39.74
France,FRA,2020-12-06,1.85,25.19,16.86,34.51
France,FRA,2020-12-13,-0.79,30.71,15.43,27.67
France,FRA,2020-12-20,-6.85,16.09,11.82,20.27
France,FRA,2020-12-27,-7.2,13.56,4.97,12.91
France,FRA,2021-01-03,-11.51,9.49,5.77,22.27
Germany,DEU,2020-01-05,-2.36,-5.73,-2.38,-0.91
Germany,DEU,2020-01-12,-2.18,-1.61,-2.01,0.79
Germany,DEU,2020-01-19,1.21,-4.13,-2.63,-1.48
Germany,DEU,2020-01-26,-5.42,-0.34,-4.2,-6.25
Germany,DEU,2020-02-02,-2.59,-1.39,-1.75,-4.43
Germany,DEU,2020-02-09,-4.9,-5.05,-7.67,-6.47
Germany,DEU,2020-02-16,-3.68,-5.56,-4.26,-5.47
Germany,DEU,2020-02-23,-7.78,-6.74,-7.55,-13.47
Germany,DEU,2020-03-01,-8.31,-10.77,-8.73,-10.19
Germany,DEU,2020-03-08,-9.11,-7.17,-9.54,-6.27
Germany,DEU,2020-03-15,-4.27,0.67,-3.51,-2.88
Germany,DEU,2020-03-22,-0.59,2.98,0.38,1.09
Germany,DEU,2020-03-29,1.32,4.74,3.25,5.38
Germany,DEU,2020-04-05,2.33,9.64,12.8,15.07
Germany,DEU,2020-04-12,4.95,11.02,14.29,20.07
Germany,DEU,2020-04-19,0.78,6.94,11.08,16.81
Germany,DEU,2020-04-26,-0.82,3.51,6.71,10.58
Germany,DEU,2020-05-03,0.28,4.03,5.8,8.12
Germany,DEU,2020-05-10,-0.41,-0.71,-1.25,6.5
Germany,DEU,2020-05-17,2.34,1.78,-1.7,1.7
Germany,DEU,2020-05-24,0.04,3.3,-0.22,8.19
Germany,DEU,2020-05-31,1.11,0.49,-2.92,1.3
Germany,DEU,2020-06-07,-1.83,5.59,0.77,11.45
Germany,DEU,2020-06-14,0.46,2.7,1.72,7.87
Germany,DEU,2020-06-21,-4.02,1.97,-4.24,1.91
Germany,DEU,2020-06-28,-0.13,5.99,0.55,9.06
Germany,DEU,2020-07-05,1.11,0.54,-3.03,1.8
Germany,DEU,2020-07-12,-0.68,-2.15,-0.16,3.1
Germany,DEU,2020-07-19,-1.77,-3.73,-1.5,-0.64
Germany,DEU,2020-07-26,-3.52,-3.23,-5.56,-2.19
Germany,DEU,2020-08-02,-0.42,-1.95,-2.14,3.6
Germany,DEU,2020-08-09,-0.4,5.65,1.91,10.94
Germany,DEU,2020-08-16,12.25,16.1,19,27.48
Germany,DEU,2020-08-23,-2.8,7.36,3.53,12.48
Germany,DEU,2020-08-30,-4.79,-1.53,-2.56,7.67
Germany,DEU,2020-09-06,-0.26,5.08,1.44,8.07
Germany,DEU,2020-09-13,-0.23,5.07,2.71,8.95
Germany,DEU,2020-09-20,1.9,1.77,6.66,12.57
Germany,DEU,2020-09-27,0.13,9.13,1.64,6.96
Germany,DEU,2020-10-04,0.24,2.82,4.33,10.01
Germany,DEU,2020-10-11,-2.05,4.21,-2.79,2.11
Germany,DEU,2020-10-18,0.24,4.86,-1.42,5.77
Germany,DEU,2020-10-25,3.85,10.55,2.72,12.97
Germany,DEU,2020-11-01,-2.31,10.12,4.96,12.62
Germany,DEU,2020-11-08,-1.06,8.26,3.6,13.44
Germany,DEU,2020-11-15,-2.43,10.26,8.46,16.08
Germany,DEU,2020-11-22,3.14,8.05,9.7,17.21
Germany,DEU,2020-11-29,0.58,12.25,12.79,25.99
Germany,DEU,2020-12-06,2.23,17.61,18.08,28.63
Germany,DEU,2020-12-13,6.34,16.24,22.38,41.75
Germany,DEU,2020-12-20,2.24,16.62,22.83,42.19
Germany,DEU,2020-12-27,4.14,21.17,30.3,45.52
Greece,GRC,2020-01-05,1.61,9.39,-14.75,0.99
Greece,GRC,2020-01-12,2.68,1.96,-8.46,0.59
Greece,GRC,2020-01-19,-3.16,-1.83,-3.72,6.54
Greece,GRC,2020-01-26,2.2,1.04,-11.36,6.3
Greece,GRC,2020-02-02,-2.83,7.84,-0.84,15.8
Greece,GRC,2020-02-09,-0.03,0.72,-3.76,17.18
Greece,GRC,2020-02-16,9.2,1.12,1.05,19.03
Greece,GRC,2020-02-23,-5.58,-0.65,-8.17,7.54
Greece,GRC,2020-03-01,1.44,3.42,-8,10.07
Greece,GRC,2020-03-08,-1.29,4.64,-1.89,21.23
Greece,GRC,2020-03-15,-4.91,15.77,-0.64,15.87
Greece,GRC,2020-03-22,5.86,19.48,-4.53,16.5
Greece,GRC,2020-03-29,-5.97,7.4,2.43,12.14
Greece,GRC,2020-04-05,2.39,2.95,-6.79,14.24
Greece,GRC,2020-04-12,-3.62,12.84,-9.86,9.14
Greece,GRC,2020-04-19,-10.2,1.83,-7.06,9.64
Greece,GRC,2020-04-26,-8.43,-4.31,-8.83,6.33
Greece,GRC,2020-05-03,-7.37,2.52,-5.74,9.52
Greece,GRC,2020-05-10,6.09,-12.6,-7.08,3.34
Greece,GRC,2020-05-17,14.54,13.06,3.65,27.07
Greece,GRC,2020-05-24,10.43,8.72,3.14,21.81
Greece,GRC,2020-05-31,-7.63,-1.37,-19.77,-11.3
Greece,GRC,2020-06-07,-1.85,3.52,-13.4,1.14
Greece,GRC,2020-06-14,-9.1,3.68,-7.97,2.02
Greece,GRC,2020-06-21,-9.31,-3.38,-6.11,5.58
Greece,GRC,2020-06-28,-13.37,-1.47,-15.78,-3.22
Greece,GRC,2020-07-05,-1.49,13.42,2.89,26.24
Greece,GRC,2020-07-12,-8.88,2.45,-5.26,11.43
Greece,GRC,2020-07-19,-7.3,5.04,-3.95,3.79
Greece,GRC,2020-07-26,-13.34,16.41,-8.88,5.41
Greece,GRC,2020-08-02,-3.04,11.63,11.45,29.56
Greece,GRC,2020-08-09,-1.69,0.43,-3.07,14.21
Greece,GRC,2020-08-16,-17.24,5.31,-0.52,14.48
Greece,GRC,2020-08-23,0.83,10.62,-0.81,19.68
Greece,GRC,2020-08-30,2.82,17.43,-4.35,12.89
Greece,GRC,2020-09-06,-3.77,-0.33,6.22,23.74
Greece,GRC,2020-09-13,2.94,15.16,-2.1,22.37
Greece,GRC,2020-09-20,7.07,11.31,2.88,22.94
Greece,GRC,2020-09-27,5.56,11.65,2.93,10.72
Greece,GRC,2020-10-04,-4.37,7.76,-3.54,13.66
Greece,GRC,2020-10-11,11.91,12.46,-7.67,6.66
Greece,GRC,2020-10-18,-2.02,-4.11,0.07,0.62
Greece,GRC,2020-10-25,-2.24,0.55,-7.82,9.79
Greece,GRC,2020-11-01,-2.61,19.97,4.16,9.52
Greece,GRC,2020-11-08,-0.66,15.32,5.94,16.16
Greece,GRC,2020-11-15,12.74,32.78,16.39,25.57
Greece,GRC,2020-11-22,23.93,57.02,33.52,30.64
Greece,GRC,2020-11-29,38.36,55.5,30.61,41.05
Greece,GRC,2020-12-06,38.66,45.48,32.01,38.32
Hungary,HUN,2020-01-05,-8.91,0.42,-11.2,-16.14
Hungary,HUN,2020-01-12,-15.26,-4.55,-13.1,-11.59
Hungary,HUN,2020-01-19,-14.46,-8.8,-10.41,-12.87
Hungary,HUN,2020-01-26,-13.82,-1.13,-10.62,-12.39
Hungary,HUN,2020-02-02,-19.23,0.61,-5.51,-10.57
Hungary,HUN,2020-02-09,-17.86,-6.65,-12.2,-19.54
Hungary,HUN,2020-02-16,-18.22,4.12,-4.96,-12.66
Hungary,HUN,2020-02-23,-24.08,-4.5,-8.72,-13.89
Hungary,HUN,2020-03-01,-11,2.74,-3.01,-4.74
Hungary,HUN,2020-03-08,-16.81,0.45,-5.88,-7.78
Hungary,HUN,2020-03-15,-17.46,4.45,-3.04,-5.34
Hungary,HUN,2020-03-22,-7.16,11.59,9.98,8.51
Hungary,HUN,2020-03-29,-15.15,11.44,0.55,2.77
Hungary,HUN,2020-04-05,-6.06,8.27,-1.71,2.09
Hungary,HUN,2020-04-12,1.56,0.42,1.62,11.84
Hungary,HUN,2020-04-19,-2.69,7.84,-0.33,8.79
Hungary,HUN,2020-04-26,-9.22,4.54,-5.89,-1.59
Hungary,HUN,2020-05-03,-13.86,-6.29,-0.9,-0.77
Hungary,HUN,2020-05-10,-8.69,9.17,-1.11,-1.88
Hungary,HUN,2020-05-17,-8.13,12.5,-0.51,10.88
Hungary,HUN,2020-05-24,-19.6,6.68,-5.24,-10.9
Hungary,HUN,2020-05-31,-10.32,0.39,-2.88,-4.5
Hungary,HUN,2020-06-07,-0.05,7.19,8.04,8.55
Hungary,HUN,2020-06-14,-15.18,5.6,-1.53,10.47
Hungary,HUN,2020-06-21,-8.15,5.22,-12.27,-15.13
Hungary,HUN,2020-06-28,-0.44,12.98,-1.69,4.26
Hungary,HUN,2020-07-05,-6.81,13.49,3.88,7.2
Hungary,HUN,2020-07-12,-9.04,-1.29,-6.43,-1.02
Hungary,HUN,2020-07-19,-20.92,8.04,-5.82,-10.04
Hungary,HUN,2020-07-26,-22.44,-2.22,-9.93,-2.41
Hungary,HUN,2020-08-02,-1.69,-2.72,4.59,7.95
Hungary,HUN,2020-08-09,-0.51,8.91,0.66,-3.16
Hungary,HUN,2020-08-16,-5.54,4.66,-5.47,0.55
Hungary,HUN,2020-08-23,-4.43,15.48,-4.7,2.79
Hungary,HUN,2020-08-30,-13.62,9.22,-4.79,-5.54
Hungary,HUN,2020-09-06,-11.73,5.85,3.82,0.6
Hungary,HUN,2020-09-13,-10.77,11.91,-3.44,15.78
Hungary,HUN,2020-09-20,-4.14,12.34,12.46,5.16
Hungary,HUN,2020-09-27,-9.42,23.64,7.33,-2.33
Hungary,HUN,2020-10-04,-3.28,13.38,10.78,4.17
Hungary,HUN,2020-10-11,-8.87,12.23,5.79,7.53
Hungary,HUN,2020-10-18,0.63,22.41,17.8,11.66
Hungary,HUN,2020-10-25,5.63,33.83,32.91,18.67
Hungary,HUN,2020-11-01,8.96,43.26,39.92,33.7
Hungary,HUN,2020-11-08,13.56,56.92,53.33,52.91
Hungary,HUN,2020-11-15,25.8,73.59,84.51,54.37
Hungary,HUN,2020-11-22,22.16,70.8,67.45,52.97
Hungary,HUN,2020-11-29,26.07,64.59,63.65,76.82
Hungary,HUN,2020-12-06,21.36,65.65,59.94,57.66
Hungary,HUN,2020-12-13,7.41,51.07,62.54,61.03
Hungary,HUN,2020-12-20,1.61,36.82,44.96,44.21
Hungary,HUN,2020-12-27,11.21,38.83,30.79,36.8
Iceland,ISL,2020-01-05,66.67,89.66,-3.23,10.58
Iceland,ISL,2020-01-12,60.71,47.06,1.56,3.6
Iceland,ISL,2020-01-19,100,-13.79,-13.04,28.87
Iceland,ISL,2020-01-26,-9.09,35.14,2.94,50.6
Iceland,ISL,2020-02-02,-48.28,73.08,-15.25,-24.11
Iceland,ISL,2020-02-09,12.9,-10.26,-19.64,6.19
Iceland,ISL,2020-02-16,-9.09,-37.5,55.74,-5.94
Iceland,ISL,2020-02-23,-69.7,29.03,1.35,26.37
Iceland,ISL,2020-03-01,-46.43,-30.56,-18.03,34.41
Iceland,ISL,2020-03-08,8.11,-11.76,40,-0.99
Iceland,ISL,2020-03-15,21.21,-13.79,0,-20.21
Iceland,ISL,2020-03-22,-21.88,15.38,14.58,-15
Iceland,ISL,2020-03-29,12.5,-11.76,22.81,-36.89
Iceland,ISL,2020-04-05,-6.25,29.03,82.69,-20.79
Iceland,ISL,2020-04-12,52.78,-16.67,18.18,2.27
Iceland,ISL,2020-04-19,-12.5,30.43,-10.45,64.77
Iceland,ISL,2020-04-26,-50,-52.38,31.58,-27.71
Iceland,ISL,2020-05-03,7.14,40.62,1.85,4.65
Iceland,ISL,2020-05-10,11.11,-35.48,35.42,-34.07
Iceland,ISL,2020-05-17,7.14,0,9.09,-13.98
Iceland,ISL,2020-05-24,-25,51.52,9.37,12.5
Iceland,ISL,2020-05-31,48.15,-21.88,22.95,19.57
Iceland,ISL,2020-06-07,-44.44,7.14,-39.66,-18.75
Iceland,ISL,2020-06-14,9.37,-14.63,13.64,-6.25
Iceland,ISL,2020-06-21,6.06,25,-20,-43.66
Iceland,ISL,2020-06-28,71.05,-54.55,-46.43,-42.71
Iceland,ISL,2020-07-05,-2.78,-34.21,-23.08,-12.16
Iceland,ISL,2020-07-12,50,0,22.81,4.84
Iceland,ISL,2020-07-19,96.97,-47.37,18.18,-11.76
Iceland,ISL,2020-07-26,32.35,-25,-33.82,-38.27
Iceland,ISL,2020-08-02,57.89,4.17,-13.79,-17.72
Iceland,ISL,2020-08-09,28.57,-6.25,-4.76,-17.65
Iceland,ISL,2020-08-16,76.47,37.93,-43.4,5.26
Iceland,ISL,2020-08-23,15.38,12.9,-19.64,-48.86
Iceland,ISL,2020-08-30,-20,-14.29,-28.57,-20
Iceland,ISL,2020-09-06,28.21,60,12.07,57.53
Iceland,ISL,2020-09-13,28.57,-6.25,-46.15,1.27
Iceland,ISL,2020-09-20,12.5,2.94,-6.78,20
Iceland,ISL,2020-09-27,-34.21,21.62,-38.36,-35.64
Iceland,ISL,2020-10-04,-19.35,-51.61,-4.76,-2.3
Iceland,ISL,2020-10-11,-18.92,45.83,60.71,2.15
Iceland,ISL,2020-10-18,61.29,-30.56,1.69,19.05
Iceland,ISL,2020-10-25,-25.53,0,-5.66,32.53
Iceland,ISL,2020-11-01,-35.48,122.22,52.54,17.98
Iceland,ISL,2020-11-08,-3.23,12.9,7.14,60.92
Iceland,ISL,2020-11-15,-23.91,-14.29,30.14,39.24
Iceland,ISL,2020-11-22,66.67,-61.54,29.63,-17.65
Iceland,ISL,2020-11-29,-6.25,-53.12,-27.42,-19.35
Iceland,ISL,2020-12-06,-100,-18.6,12.07,15.85
Iceland,ISL,2020-12-13,2.94,66.67,-50.82,36.36
Iceland,ISL,2020-12-20,-39.39,12.9,4.84,3.26
Iceland,ISL,2020-12-27,-28.57,106.9,57.41,-2.17
Iceland,ISL,2021-01-03,-42.86,-13.79,-16.67,-34.78
Israel,ISR,2020-01-05,1.7,11.83,3.11,13.29
Israel,ISR,2020-01-12,-5.8,2.69,-9.76,-0.52
Israel,ISR,2020-01-19,4.78,12.97,1.47,8.04
Israel,ISR,2020-01-26,5.44,3.08,-13.31,-5.68
Israel,ISR,2020-02-02,-8,3.84,-9.92,-8.08
Israel,ISR,2020-02-09,-22.11,1.39,-11.53,-9.14
Israel,ISR,2020-02-16,-1.49,-0.93,-6.56,1.59
Israel,ISR,2020-02-23,-3.16,5.6,-2.68,2.74
Israel,ISR,2020-03-01,5.34,-0.12,-12.44,-8.07
Israel,ISR,2020-03-08,-2.44,5.84,-4.39,-0.95
Israel,ISR,2020-03-15,-7.89,15.85,3.99,6.04
Israel,ISR,2020-03-22,-18.65,5.74,3.18,12.75
Israel,ISR,2020-03-29,8.29,23.09,5.52,11.37
Israel,ISR,2020-04-05,-4.44,43.65,22.46,15.23
Israel,ISR,2020-04-12,-0.28,17.65,1.71,5.05
Israel,ISR,2020-04-19,-0.41,28.37,12.49,11.48
Israel,ISR,2020-04-26,-4.84,3.37,7.58,12.58
Israel,ISR,2020-05-03,-4.86,17.28,1.7,-0.06
Israel,ISR,2020-05-10,-13.85,8.83,5.75,12.65
Israel,ISR,2020-05-17,0.75,21.14,4.93,4.08
Israel,ISR,2020-05-24,11.13,19.12,18.83,26.75
Israel,ISR,2020-05-31,1.82,23.31,1.74,3.48
Israel,ISR,2020-06-07,8.48,11.82,-0.99,2.63
Israel,ISR,2020-06-14,-4.31,12.09,3.82,6.37
Israel,ISR,2020-06-21,-3.06,13.69,3.98,4.01
Israel,ISR,2020-06-28,10.03,10.74,-3.15,0.88
Israel,ISR,2020-07-05,-7.15,11.94,-0.61,3.53
Israel,ISR,2020-07-12,-5.67,19.92,13.21,13.51
Israel,ISR,2020-07-19,6.08,31.09,7.16,8.74
Israel,ISR,2020-07-26,0.83,13.18,0.46,4.18
Israel,ISR,2020-08-02,8.61,27.72,24.53,26.55
Israel,ISR,2020-08-09,5.58,17.58,4.07,13.32
Israel,ISR,2020-08-16,27.26,17.35,14.32,32.79
Israel,ISR,2020-08-23,10.37,40.73,20.55,9.64
Israel,ISR,2020-08-30,3.77,27.08,13.64,18.17
Israel,ISR,2020-09-06,5.16,30.11,16.27,18.46
Israel,ISR,2020-09-13,28.8,41.33,23.49,25.49
Israel,ISR,2020-09-20,10.39,42.59,28.56,35.29
Israel,ISR,2020-09-27,7.43,58.47,31.86,31.66
Israel,ISR,2020-10-04,-1.7,47.58,34.68,32.2
Israel,ISR,2020-10-11,26.65,64.86,37.09,38.11
Israel,ISR,2020-10-18,-5.61,48.62,35.46,41.03
Israel,ISR,2020-10-25,22.19,28.09,24.16,34.8
Israel,ISR,2020-11-01,12.87,22.15,10.33,7.94
Israel,ISR,2020-11-08,2.91,7.02,4.65,15.68
Israel,ISR,2020-11-15,-7.63,14.54,-10.75,-7.91
Israel,ISR,2020-11-22,6.37,24.92,7.84,8.59
Israel,ISR,2020-11-29,0.64,23.9,-0.45,-1.66
Israel,ISR,2020-12-06,-6.98,12.86,6.54,10.23
Israel,ISR,2020-12-13,-6.52,13.81,-2.41,2.12
Israel,ISR,2020-12-20,7.95,29.82,2.88,-1.43
Israel,ISR,2020-12-27,-15.89,12.09,0.92,6.59
Israel,ISR,2021-01-03,2.29,24.33,8.55,10.29
Israel,ISR,2021-01-10,-5.03,18.36,5.25,11.16
Italy,ITA,2020-01-05,-8,-12.53,-14.95,-14.98
Italy,ITA,2020-01-12,-9.87,-7.72,-16.62,-10.58
Italy,ITA,2020-01-19,-7.66,-10.3,-11.46,-9.76
Italy,ITA,2020-01-26,-6.14,-5.09,-12.24,-4.89
Italy,ITA,2020-02-02,-7.55,-4.27,-12.62,-4.22
Italy,ITA,2020-02-09,-7.91,-5.6,-10.95,-3.67
Italy,ITA,2020-02-16,-1.43,-4.03,-9.42,-2.63
Italy,ITA,2020-02-23,-8.11,-5.48,-8.21,-3.33
Italy,ITA,2020-03-01,-5.53,-1.06,-5.97,1.59
Italy,ITA,2020-03-08,0.42,11,8.09,8.34
Italy,ITA,2020-03-15,13.68,42.61,45.52,36.37
Italy,ITA,2020-03-22,36.46,83.55,84.48,68.53
Italy,ITA,2020-03-29,50.02,94.31,94.13,83.72
Italy,ITA,2020-04-05,31.45,66.36,65.49,78.75
Italy,ITA,2020-04-12,18.08,45.77,55.03,66.43
Italy,ITA,2020-04-19,10.82,25.7,34,53.44
Italy,ITA,2020-04-26,6.23,16.71,17.86,35.26
Italy,ITA,2020-05-03,0.4,12.1,4.94,21.04
Italy,ITA,2020-05-10,3.8,6.05,4.27,12.19
Italy,ITA,2020-05-17,0.55,3.98,1.82,9.83
Italy,ITA,2020-05-24,1.54,0.48,-4.56,2.52
Italy,ITA,2020-05-31,-2.84,3.06,-8.12,0.35
Italy,ITA,2020-06-07,-7.84,-1.24,-6.39,0.04
Italy,ITA,2020-06-14,-5.67,-6.87,-7.96,-4.68
Italy,ITA,2020-06-21,-4.13,-0.69,-7.04,3.29
Italy,ITA,2020-06-28,-0.25,-0.14,1.77,13.46
Italy,ITA,2020-07-05,1.24,3.16,1.3,13
Italy,ITA,2020-07-12,-7.26,3.9,-6.92,-1.59
Italy,ITA,2020-07-19,-13.87,-1.57,-8.71,-3.68
Italy,ITA,2020-07-26,-0.55,-1.34,-8.36,-5.2
Italy,ITA,2020-08-02,1.05,4.89,0.82,12.68
Italy,ITA,2020-08-09,-2.44,-0.78,-4.52,0.52
Italy,ITA,2020-08-16,-4.25,5.16,4.56,14.69
Italy,ITA,2020-08-23,-2.52,4.95,1.16,15.33
Italy,ITA,2020-08-30,1.52,3.71,1.07,11.91
Italy,ITA,2020-09-06,-6.03,5.58,-1.16,8.65
Italy,ITA,2020-09-13,-0.55,4.13,1.47,12.48
Italy,ITA,2020-09-20,0.63,4.7,3.41,11.17
Italy,ITA,2020-09-27,-3.32,1.06,-4.36,3.82
Italy,ITA,2020-10-04,2.23,5.96,0.91,7.9
Italy,ITA,2020-10-11,-3.19,2.2,0.23,4.19
Italy,ITA,2020-10-18,-0.56,5.64,3.34,11.87
Italy,ITA,2020-10-25,10.31,17.75,15.35,25.62
Italy,ITA,2020-11-01,12.46,29.3,28.99,36.21
Latvia,LVA,2020-01-05,-14.6,-12.25,1.99,11.25
Latvia,LVA,2020-01-12,-12.31,-4.32,-14.89,12.1
Latvia,LVA,2020-01-19,-21.02,-15.67,-12.08,-12.4
Latvia,LVA,2020-01-26,-16.9,-9,-12.25,-0.83
Latvia,LVA,2020-02-02,-14.18,-14.68,-5.35,-5.72
Latvia,LVA,2020-02-09,-21.38,-3.72,-14.65,2.02
Latvia,LVA,2020-02-16,-23.25,2.25,-12.67,-4.03
Latvia,LVA,2020-02-23,-5.59,-15.64,-19.03,-10.97
Latvia,LVA,2020-03-01,-26.88,-34.1,-34.7,-18.73
Latvia,LVA,2020-03-08,-17.39,-28.69,-23.53,-20.19
Latvia,LVA,2020-03-15,-27.13,-8.76,-24.49,6.84
Latvia,LVA,2020-03-22,-15.08,1.62,-10.47,1.6
Latvia,LVA,2020-03-29,-20.03,-26.64,-10.44,5.23
Latvia,LVA,2020-04-05,-13.18,-13.98,-0.22,8.97
Latvia,LVA,2020-04-12,-25.04,-6.6,-12.87,-12.99
Latvia,LVA,2020-04-19,-6.4,15.01,-4.39,13.14
Latvia,LVA,2020-04-26,-12.46,-13.2,6.6,4.11
Latvia,LVA,2020-05-03,-1.17,4.12,7.83,4.11
Latvia,LVA,2020-05-10,-11.15,21.54,8.62,9.48
Latvia,LVA,2020-05-17,10.39,6.95,-9.99,-10.91
Latvia,LVA,2020-05-24,-12.09,18.9,16.05,5.3
Latvia,LVA,2020-05-31,-14.84,2.12,0,-5.54
Latvia,LVA,2020-06-07,4.67,-11.11,18.49,-12.95
Latvia,LVA,2020-06-14,-16.52,11.97,11.85,29.95
Latvia,LVA,2020-06-21,-4.69,-5.19,-6.83,-6.2
Latvia,LVA,2020-06-28,-15.68,-6.32,-15.08,21.31
Latvia,LVA,2020-07-05,32.28,-3.36,16.32,39.19
Latvia,LVA,2020-07-12,-8.64,1.48,-15.18,-4.48
Latvia,LVA,2020-07-19,-10.41,-20.04,-5.54,12.52
Latvia,LVA,2020-07-26,-4.1,12.9,-0.68,-7.44
Latvia,LVA,2020-08-02,-17.2,-1.03,0.42,22.07
Latvia,LVA,2020-08-09,-10.15,-10.37,0.88,3.45
Latvia,LVA,2020-08-16,-8.93,3.34,-2.82,25.19
Latvia,LVA,2020-08-23,-1.16,17.71,11.55,16.64
Latvia,LVA,2020-08-30,-3.98,20.18,4.03,5.14
Latvia,LVA,2020-09-06,-10.56,4.46,-5.79,1.13
Latvia,LVA,2020-09-13,-21.65,-6.64,-0.91,17.37
Latvia,LVA,2020-09-20,-13.19,-7.89,-4.28,15.73
Latvia,LVA,2020-09-27,-23.38,2.82,-16.35,3.55
Latvia,LVA,2020-10-04,1.11,-12.37,14.52,9.13
Latvia,LVA,2020-10-11,0.69,8.57,-1.53,-5.02
Latvia,LVA,2020-10-18,-5.83,-11.09,-10.4,4.23
Latvia,LVA,2020-10-25,-5.89,19.79,23.67,-4.88
Latvia,LVA,2020-11-01,-7.13,5.06,-0.49,9.93
Latvia,LVA,2020-11-08,4.27,12.64,0.48,13.67
Latvia,LVA,2020-11-15,-13.19,17.82,-2.12,31.66
Latvia,LVA,2020-11-22,-11.67,-6,21.65,33.33
Latvia,LVA,2020-11-29,1.38,-5.73,12.45,19.83
Latvia,LVA,2020-12-06,-10.14,0,28.34,29.32
Latvia,LVA,2020-12-13,6.25,30.73,17.93,30.87
Latvia,LVA,2020-12-20,11.2,27.62,29.01,38.89
Latvia,LVA,2020-12-27,-15.82,-12.59,1.67,-7.94
Latvia,LVA,2021-01-03,7.4,56.02,38.89,38.71
Latvia,LVA,2021-01-10,45.99,61.24,81.02,73.25
Latvia,LVA,2021-01-17,3.25,31.94,53.19,50.96
Lithuania,LTU,2020-01-05,-2.76,-3.8,-13.74,-2.82
Lithuania,LTU,2020-01-12,5.51,-16.24,-9.37,-13.82
Lithuania,LTU,2020-01-19,-15.39,-19.4,-12.76,-13.72
Lithuania,LTU,2020-01-26,-15.27,-15,-12.74,-12.51
Lithuania,LTU,2020-02-02,-20.27,-20.6,-1.05,-24.98
Lithuania,LTU,2020-02-09,-0.11,-21.82,-18.75,-15.53
Lithuania,LTU,2020-02-16,-9.71,-4.07,-19.87,4.84
Lithuania,LTU,2020-02-23,-18.08,-17.58,-32.16,-13.79
Lithuania,LTU,2020-03-01,-16.5,7.66,-13.54,-0.45
Lithuania,LTU,2020-03-08,-12.1,-0.81,-15.66,-2.5
Lithuania,LTU,2020-03-15,-5.72,-6.04,-6.43,-4.86
Lithuania,LTU,2020-03-22,-3.19,4.72,-2.67,1.07
Lithuania,LTU,2020-03-29,-9.79,1.74,8.23,12.28
Lithuania,LTU,2020-04-05,-9.79,0.15,-1.65,1.16
Lithuania,LTU,2020-04-12,7.38,16.35,-15.09,5.04
Lithuania,LTU,2020-04-19,4.61,6.1,-6.12,-1.83
Lithuania,LTU,2020-04-26,6.9,17.2,-14.32,9.78
Lithuania,LTU,2020-05-03,7.91,3.72,-1.6,2.5
Lithuania,LTU,2020-05-10,-5.48,1.33,-9.65,-7.77
Lithuania,LTU,2020-05-17,-8.61,-1.17,6.48,0.96
Lithuania,LTU,2020-05-24,-8.94,-15.44,-9.05,-0.91
Lithuania,LTU,2020-05-31,3.75,8.57,-7.51,-2.55
Lithuania,LTU,2020-06-07,11.44,-8.55,-3.04,-3.56
Lithuania,LTU,2020-06-14,17.16,15.45,7.86,20.64
Lithuania,LTU,2020-06-21,-1.96,14.5,4.81,12.27
Lithuania,LTU,2020-06-28,5.21,45.33,-0.18,9.73
Lithuania,LTU,2020-07-05,-5.81,8.21,1.63,-6.38
Lithuania,LTU,2020-07-12,4.93,0.16,0.81,-4.64
Lithuania,LTU,2020-07-19,-1.68,14.24,11.84,8.2
Lithuania,LTU,2020-07-26,-4.14,4.67,-4.83,8.21
Lithuania,LTU,2020-08-02,0,9.47,1.2,1.7
Lithuania,LTU,2020-08-09,-4.35,1.23,-1.62,10.16
Lithuania,LTU,2020-08-16,-2.48,25.8,4.63,5.05
Lithuania,LTU,2020-08-23,1.92,8.59,9.41,30.46
Lithuania,LTU,2020-08-30,4,9.68,-4.34,0.1
Lithuania,LTU,2020-09-06,4.45,13.98,-22.67,5.83
Lithuania,LTU,2020-09-13,17.75,14.73,7.07,1.27
Lithuania,LTU,2020-09-20,-1.05,-7.07,-4.9,18.67
Lithuania,LTU,2020-09-27,-2.58,25.19,-2.65,17.45
Lithuania,LTU,2020-10-04,-2.75,-9.43,-0.38,6.52
Lithuania,LTU,2020-10-11,-0.95,11.45,3.82,9.68
Lithuania,LTU,2020-10-18,8.74,12.43,-2.28,8.85
Lithuania,LTU,2020-10-25,-0.11,14.78,0.82,18.06
Lithuania,LTU,2020-11-01,-13.2,5.41,-10.13,8.17
Lithuania,LTU,2020-11-08,-2.67,26.74,9.5,37.37
Lithuania,LTU,2020-11-15,14.43,15.56,29.8,40.49
Lithuania,LTU,2020-11-22,29.87,35.89,47.55,62.63
Lithuania,LTU,2020-11-29,20,40.69,51.33,66.67
Lithuania,LTU,2020-12-06,55.72,61.15,54.64,67.1
Lithuania,LTU,2020-12-13,39.73,77.27,51.42,76.68
Lithuania,LTU,2020-12-20,27.92,74.86,105.75,79.49
Lithuania,LTU,2020-12-27,38.71,86.7,72.78,72.82
Lithuania,LTU,2021-01-03,33.44,59.12,56.07,50.25
Lithuania,LTU,2021-01-10,21.42,28.27,36.61,55.65
Luxembourg,LUX,2020-01-05,-31.82,-17.91,-26.92,-30.72
Luxembourg,LUX,2020-01-12,0,-43.75,14.17,-10.11
Luxembourg,LUX,2020-01-19,3.66,-10.45,8,3.77
Luxembourg,LUX,2020-01-26,-9.09,15.38,-4,-5.71
Luxembourg,LUX,2020-02-02,-26.83,-15.73,1.63,-10.05
Luxembourg,LUX,2020-02-09,23.19,-66.67,12,-4.52
Luxembourg,LUX,2020-02-16,-41.18,2.94,-30.46,-33.7
Luxembourg,LUX,2020-02-23,12.5,46.55,-17.39,-22.11
Luxembourg,LUX,2020-03-01,-12.7,-37.5,-22.48,-2.94
Luxembourg,LUX,2020-03-08,-6.67,-5.94,-6.02,-17.91
Luxembourg,LUX,2020-03-15,66.67,8.7,-7.08,-0.58
Luxembourg,LUX,2020-03-22,-68.35,19.05,31.58,10.47
Luxembourg,LUX,2020-03-29,25,-1.32,-0.76,65.66
Luxembourg,LUX,2020-04-05,-22.54,4.48,2.68,22.75
Luxembourg,LUX,2020-04-12,26.87,83.67,75.26,56.25
Luxembourg,LUX,2020-04-19,-24.66,13.21,16.38,29.25
Luxembourg,LUX,2020-04-26,13.21,-17.91,23.71,15.89
Luxembourg,LUX,2020-05-03,-34.78,-51.61,9.89,18.52
Luxembourg,LUX,2020-05-10,8.7,56.25,21.36,18.32
Luxembourg,LUX,2020-05-17,-7.69,10.17,-26.47,40.62
Luxembourg,LUX,2020-05-24,41.67,-19.35,-33.33,18.71
Luxembourg,LUX,2020-05-31,9.37,48.15,3.26,10.29
Luxembourg,LUX,2020-06-07,18.42,-14.06,-8.6,1.5
Luxembourg,LUX,2020-06-14,4.84,-37.5,-7.41,-8.09
Luxembourg,LUX,2020-06-21,19.72,0,15.85,27.05
Luxembourg,LUX,2020-06-28,4.84,66.67,-61.11,5.26
Luxembourg,LUX,2020-07-05,-45.95,25,-35.19,27.91
Luxembourg,LUX,2020-07-12,1.56,-38.36,-19.81,9.68
Luxembourg,LUX,2020-07-19,-1.52,60.38,-22.02,-7.69
Luxembourg,LUX,2020-07-26,-11.76,27.12,-16.67,-6.47
Luxembourg,LUX,2020-08-02,-4.76,17.19,27.66,27.91
Luxembourg,LUX,2020-08-09,51.52,-34.43,-5,56.03
Luxembourg,LUX,2020-08-16,7.69,-2.6,55.91,55.3
Luxembourg,LUX,2020-08-23,-28.57,69.81,13.1,-10.71
Luxembourg,LUX,2020-08-30,-5.17,-63.77,-41.67,13.64
Luxembourg,LUX,2020-09-06,-6.25,15.38,48.94,-7.28
Luxembourg,LUX,2020-09-13,-21.88,25,-27.93,20.3
Luxembourg,LUX,2020-09-20,39.34,49.12,16.67,26.98
Luxembourg,LUX,2020-09-27,-5.8,-7.14,-36.94,4.03
Luxembourg,LUX,2020-10-04,-31.51,-11.29,27.55,21.71
Luxembourg,LUX,2020-10-11,11.11,2.74,-45.38,-19.64
Luxembourg,LUX,2020-10-18,14.29,-33.33,18.28,34.48
Luxembourg,LUX,2020-10-25,-13.33,11.11,33.33,47.73
Luxembourg,LUX,2020-11-01,5.26,57.53,18.42,-5.03
Luxembourg,LUX,2020-11-08,1.35,37.68,27.19,55.06
Luxembourg,LUX,2020-11-15,40.35,-6.78,49.12,70.81
Luxembourg,LUX,2020-11-22,4.17,21.62,82.93,58.94
Luxembourg,LUX,2020-11-29,130.77,85.19,54.47,83.45
Luxembourg,LUX,2020-12-06,16.88,-4.11,72.73,46.15
Netherlands,NLD,2020-01-05,-12.69,3.53,-8.23,-4.86
Netherlands,NLD,2020-01-12,-0.05,0.19,8.86,-4.46
Netherlands,NLD,2020-01-19,-2.9,-2.18,-0.62,-7.58
Netherlands,NLD,2020-01-26,-19.51,2.22,-5.64,-11.36
Netherlands,NLD,2020-02-02,2.51,-2.98,-3.71,-7.6
Netherlands,NLD,2020-02-09,-9.74,0.44,0.13,-4.44
Netherlands,NLD,2020-02-16,-4.69,2.83,-3.95,-6.07
Netherlands,NLD,2020-02-23,-22.99,-8.98,-11.62,-11.58
Netherlands,NLD,2020-03-01,-6.51,-4.6,-2.48,-9.32
Netherlands,NLD,2020-03-08,-12.26,-4.74,-3.69,-8.64
Netherlands,NLD,2020-03-15,-8.36,-0.69,6.23,0.8
Netherlands,NLD,2020-03-22,1.38,24.62,24.73,15.46
Netherlands,NLD,2020-03-29,20.17,46.03,62.23,44.9
Netherlands,NLD,2020-04-05,20.47,62.11,88.99,89.97
Netherlands,NLD,2020-04-12,19.1,55.64,92.96,91.15
Netherlands,NLD,2020-04-19,4.75,30.84,60.3,74.02
Netherlands,NLD,2020-04-26,12.71,32.81,43.8,49
Netherlands,NLD,2020-05-03,13.35,15.79,28.81,27.68
Netherlands,NLD,2020-05-10,-4.74,7.61,12.4,7.01
Netherlands,NLD,2020-05-17,-2.49,0.36,-1.26,5.84
Netherlands,NLD,2020-05-24,-9.07,5.12,4.13,2.48
Netherlands,NLD,2020-05-31,-8.74,2.87,2.44,1.67
Netherlands,NLD,2020-06-07,-4.28,5.03,8.79,-3.14
Netherlands,NLD,2020-06-14,5.73,0.82,2.97,1.59
Netherlands,NLD,2020-06-21,-4.65,10.26,1.77,2.85
Netherlands,NLD,2020-06-28,-7.58,4.89,0.24,0.02
Netherlands,NLD,2020-07-05,-0.66,-4.44,-1.65,-5.43
Netherlands,NLD,2020-07-12,-1.78,2.62,-1.01,-1.02
Netherlands,NLD,2020-07-19,-9.61,-4.65,-3.05,-4.1
Netherlands,NLD,2020-07-26,-0.71,0.12,0.11,-1.43
Netherlands,NLD,2020-08-02,-5.68,0.08,8.23,2.84
Netherlands,NLD,2020-08-09,2.33,-1.07,1.94,-0.85
Netherlands,NLD,2020-08-16,17.49,21.71,19.91,32.65
Netherlands,NLD,2020-08-23,8.32,-3.19,15.97,12.04
Netherlands,NLD,2020-08-30,-13.33,8.4,2.85,12.87
Netherlands,NLD,2020-09-06,2.24,-5.25,9.68,6.24
Netherlands,NLD,2020-09-13,-3.8,8.44,5.33,2.85
Netherlands,NLD,2020-09-20,-3.24,1.46,7.29,4.9
Netherlands,NLD,2020-09-27,-6.64,-0.28,17.57,8.99
Netherlands,NLD,2020-10-04,1.01,6.24,15.56,12.01
Netherlands,NLD,2020-10-11,-12.8,14.74,7.73,11.55
Netherlands,NLD,2020-10-18,6.39,12.7,23.37,17.69
Netherlands,NLD,2020-10-25,-0.58,16.16,37.97,24.93
Netherlands,NLD,2020-11-01,0.31,24.85,48.7,34.98
Netherlands,NLD,2020-11-08,-1.88,26.48,32.14,32.97
Netherlands,NLD,2020-11-15,0.19,18.14,34.43,32.03
Netherlands,NLD,2020-11-22,0.87,17.58,19.46,14.71
Netherlands,NLD,2020-11-29,1.7,16.92,23.63,18.54
Netherlands,NLD,2020-12-06,0.8,15.92,29.59,19.22
Netherlands,NLD,2020-12-13,3.06,9.55,28.17,18.65
Netherlands,NLD,2020-12-20,10.02,22.35,32.03,31.69
Netherlands,NLD,2020-12-27,2.11,25.67,27.98,38.84
Netherlands,NLD,2021-01-03,7.25,39.8,36,43.22
Netherlands,NLD,2021-01-10,-4.67,20.78,37.2,28.22
Netherlands,NLD,2021-01-17,-6.88,18.71,27.53,9.47
Netherlands,NLD,2021-01-24,0.72,14.93,29.89,13.18
New Zealand,NZL,2020-01-05,5.85,5.33,5.46,1.2
New Zealand,NZL,2020-01-12,-3.92,5.5,1.39,-4.64
New Zealand,NZL,2020-01-19,6.04,10.88,14.88,13.07
New Zealand,NZL,2020-01-26,-0.69,5.16,6.98,4.74
New Zealand,NZL,2020-02-02,17.49,0.82,5.13,6.01
New Zealand,NZL,2020-02-09,4.15,-6.75,3.04,9.34
New Zealand,NZL,2020-02-16,7.72,16.9,15.75,9.51
New Zealand,NZL,2020-02-23,5.38,7.97,11.61,10.47
New Zealand,NZL,2020-03-01,-13.98,-4.04,8.26,13.74
New Zealand,NZL,2020-03-08,-14.01,17.68,13.26,5.73
New Zealand,NZL,2020-03-15,2.64,-3.65,2.46,4.42
New Zealand,NZL,2020-03-22,9.92,-5.52,5.03,11.03
New Zealand,NZL,2020-03-29,-3.99,0.6,6.66,6.55
New Zealand,NZL,2020-04-05,-1.14,8.22,9.93,6.88
New Zealand,NZL,2020-04-12,-6.42,22.66,18.67,9.81
New Zealand,NZL,2020-04-19,-13,15.13,14.7,11.11
New Zealand,NZL,2020-04-26,1.1,-5.85,4.98,10.17
New Zealand,NZL,2020-05-03,-13.04,-8.09,-5.22,-7.73
New Zealand,NZL,2020-05-10,-5.29,0.26,1.15,1.14
New Zealand,NZL,2020-05-17,3.06,1.63,1.94,-1.51
New Zealand,NZL,2020-05-24,-4.07,-1.14,-2.72,-7.26
New Zealand,NZL,2020-05-31,-7.38,-0.13,-6.19,-15.31
New Zealand,NZL,2020-06-07,-3.56,-0.77,-4.83,-12.88
New Zealand,NZL,2020-06-14,-9.41,-8.54,-2.22,1
New Zealand,NZL,2020-06-21,-7.75,-18.58,-6.54,0.77
New Zealand,NZL,2020-06-28,-11.43,-1.82,-4.64,-10.99
New Zealand,NZL,2020-07-05,-5.63,1.32,-6.53,-17.51
New Zealand,NZL,2020-07-12,-9.78,-10.25,-12.44,-14.62
New Zealand,NZL,2020-07-19,-5.83,2.15,-0.6,-6.86
New Zealand,NZL,2020-07-26,5.37,11.04,-4.54,-19.69
New Zealand,NZL,2020-08-02,-9.23,5.13,-4.35,-15.12
New Zealand,NZL,2020-08-09,-17.27,-5.86,-8.78,-15.82
New Zealand,NZL,2020-08-16,-21.88,-6.77,-7.78,-11.3
New Zealand,NZL,2020-08-23,-11.49,-1.39,-0.21,-5.46
New Zealand,NZL,2020-08-30,7.21,-6.34,-14.92,-22.83
New Zealand,NZL,2020-09-06,-1.48,-1.59,-3.23,-9.39
New Zealand,NZL,2020-09-13,-5.86,-6.73,-6.6,-11.87
New Zealand,NZL,2020-09-20,-5.63,-3.21,-9.24,-16.71
New Zealand,NZL,2020-09-27,2.54,-6.7,-6.43,-8.16
New Zealand,NZL,2020-10-04,7.14,8.87,2.61,-6.17
New Zealand,NZL,2020-10-11,-2.13,-5.73,-6.38,-10.72
New Zealand,NZL,2020-10-18,1.34,2.77,2.59,-3.65
New Zealand,NZL,2020-10-25,31.31,8.49,10.22,6.06
New Zealand,NZL,2020-11-01,-3.87,2.98,-1.98,-13.29
New Zealand,NZL,2020-11-08,-6.7,10.87,7.78,1.43
New Zealand,NZL,2020-11-15,2.38,-0.64,1.34,-2.71
New Zealand,NZL,2020-11-22,12.56,1.13,-0.94,-6.88
New Zealand,NZL,2020-11-29,3.63,17.82,13.14,7.58
New Zealand,NZL,2020-12-06,25.46,9.32,9.3,5.44
New Zealand,NZL,2020-12-13,5.03,-9.84,5.38,15.14
New Zealand,NZL,2020-12-20,13.92,4.75,15.34,19.29
New Zealand,NZL,2020-12-27,-2.46,6.05,9.33,8.45
New Zealand,NZL,2021-01-03,8.77,3.38,13.81,19.09
New Zealand,NZL,2021-01-10,-14.14,22.12,26.77,21.3
Northern Ireland,,2020-01-05,-23.98,-6.35,-11.82,-14.67
Northern Ireland,,2020-01-12,-9.68,-3.67,13.96,-8.45
Northern Ireland,,2020-01-19,13.03,20.68,13.26,-8.84
Northern Ireland,,2020-01-26,-19.35,-8.77,-5.77,-6.08
Northern Ireland,,2020-02-02,6.23,-7.29,-14.68,-10.96
Northern Ireland,,2020-02-09,3.24,-11.1,4.6,1.53
Northern Ireland,,2020-02-16,-10.36,-16.35,-7.37,4.95
Northern Ireland,,2020-02-23,-17.54,-20.27,-4.67,-22.69
Northern Ireland,,2020-03-01,-19.34,4.81,23.23,0.54
Northern Ireland,,2020-03-08,-3.91,-10.21,7,-28.34
Northern Ireland,,2020-03-15,20.75,18.42,9.17,-14.59
Northern Ireland,,2020-03-22,-23.08,-13.6,-6.18,-17.24
Northern Ireland,,2020-03-29,11.57,-17.28,5.62,-18.58
Northern Ireland,,2020-04-05,91.78,30.19,69.27,49.3
Northern Ireland,,2020-04-12,68.8,33.21,43.18,46.07
Northern Ireland,,2020-04-19,21.51,1.92,73.17,59.05
Northern Ireland,,2020-04-26,27.31,25,64.01,85.69
Northern Ireland,,2020-05-03,6.78,39.29,40.17,67.75
Northern Ireland,,2020-05-10,14.58,5.93,24.69,30.88
Northern Ireland,,2020-05-17,16.98,55.6,19.49,48.57
Northern Ireland,,2020-05-24,-2.16,35,-10.33,28.29
Northern Ireland,,2020-05-31,-5.29,13.28,37.23,34.52
Northern Ireland,,2020-06-07,7.39,2.27,16.03,-3.97
Northern Ireland,,2020-06-14,12.36,7.72,1.69,-3.77
Northern Ireland,,2020-06-21,-13.66,23.29,21.04,-2.88
Northern Ireland,,2020-06-28,24.51,-3.04,-11.33,9.11
Northern Ireland,,2020-07-05,28.26,-10.54,10,-6.05
Northern Ireland,,2020-07-12,74.64,18.23,0.29,3.27
Northern Ireland,,2020-07-19,-9.91,-30.5,-9.21,1.29
Northern Ireland,,2020-07-26,19.81,32.61,6.9,-3.83
Northern Ireland,,2020-08-02,16.36,12.07,-19.28,-4.4
Northern Ireland,,2020-08-09,5.49,22.27,14.49,2.17
Northern Ireland,,2020-08-16,30.08,23.87,-17.51,5.92
Northern Ireland,,2020-08-23,31.58,17.52,18.09,4.48
Northern Ireland,,2020-08-30,11.9,23.87,41.21,14.61
Northern Ireland,,2020-09-06,-8.12,-27.48,-9.62,0
Northern Ireland,,2020-09-13,-11.54,-1.64,2.53,4.25
Northern Ireland,,2020-09-20,32.92,53.59,17.6,-10.38
Northern Ireland,,2020-09-27,38.21,-1.23,7.39,16.26
Northern Ireland,,2020-10-04,-11.03,-9.17,31.34,19.99
Northern Ireland,,2020-10-11,7.02,8.43,13.75,30.68
Northern Ireland,,2020-10-18,-20.23,-19.01,-4.11,9.6
Northern Ireland,,2020-10-25,18.05,49.55,37.09,47.68
Northern Ireland,,2020-11-01,9.31,24.48,35.61,32.09
Northern Ireland,,2020-11-08,34.31,13.78,50.71,27.54
Northern Ireland,,2020-11-15,4.93,34.21,22.23,47.05
Northern Ireland,,2020-11-22,-2.53,27.45,38.13,34.38
Northern Ireland,,2020-11-29,-14.55,19.52,23.83,15.52
Northern Ireland,,2020-12-06,51.75,10.51,21.79,13.48
Northern Ireland,,2020-12-13,0.71,-9.25,10.89,18.42
Northern Ireland,,2020-12-20,-16.02,2.65,31.29,-8.61
Norway,NOR,2020-01-05,2.84,-1.32,-10.38,-9.48
Norway,NOR,2020-01-12,6.36,-1.43,4.67,4.4
Norway,NOR,2020-01-19,-22.7,2.76,-4.37,-8.85
Norway,NOR,2020-01-26,-11.82,4.84,2.45,-5.63
Norway,NOR,2020-02-02,7.21,-8.1,-10.11,-13.11
Norway,NOR,2020-02-09,-9.26,6.41,-10.67,-9.21
Norway,NOR,2020-02-16,3.79,2.84,-8.46,-1.23
Norway,NOR,2020-02-23,-3.95,-11.02,7.85,-13.89
Norway,NOR,2020-03-01,-4.68,-4.86,13.98,-13.13
Norway,NOR,2020-03-08,-9.86,2.94,-8.89,-10.14
Norway,NOR,2020-03-15,8.53,-4.73,-3.77,0.65
Norway,NOR,2020-03-22,14,10.22,11.53,-17.58
Norway,NOR,2020-03-29,13.77,4.39,21.72,2.8
Norway,NOR,2020-04-05,-6.73,8.7,-1.89,8.33
Norway,NOR,2020-04-12,-5.33,-3.32,21.06,7.37
Norway,NOR,2020-04-19,-17.16,19.01,3.48,11.28
Norway,NOR,2020-04-26,4.2,10.58,4.95,-9.25
Norway,NOR,2020-05-03,-7.1,5.3,17.77,-6.75
Norway,NOR,2020-05-10,1.43,11.2,11.4,-10.75
Norway,NOR,2020-05-17,-11.94,0,-3.14,-6.47
Norway,NOR,2020-05-24,4.94,1.94,7.67,-3.91
Norway,NOR,2020-05-31,-5.7,-7.19,1.2,-12.9
Norway,NOR,2020-06-07,9.86,-4.03,-8.85,-7.4
Norway,NOR,2020-06-14,-8.82,7.2,0.11,1.89
Norway,NOR,2020-06-21,5.52,-1.98,6.61,-0.13
Norway,NOR,2020-06-28,-17.42,10.93,-2.21,-12.61
Norway,NOR,2020-07-05,-7.41,-6.15,-9.09,-4.45
Norway,NOR,2020-07-12,5.68,-13.93,-0.77,-12.04
Norway,NOR,2020-07-19,-1.89,11.45,1.68,4.63
Norway,NOR,2020-07-26,-8.49,9.32,-2.9,4.04
Norway,NOR,2020-08-02,-4.23,14.93,7.41,9.25
Norway,NOR,2020-08-09,-8.75,11.11,2.71,3.96
Norway,NOR,2020-08-16,-1.47,2.22,8.34,1.94
Norway,NOR,2020-08-23,10.12,-3.07,1.54,6.75
Norway,NOR,2020-08-30,-7.48,-29.29,10.47,-1.75
Norway,NOR,2020-09-06,-12.64,-17.51,3.28,5.3
Norway,NOR,2020-09-13,3.92,11.95,26.49,2.79
Norway,NOR,2020-09-20,-9.63,6.47,22.84,4.31
Norway,NOR,2020-09-27,-19.54,3.91,5.5,1.69
Norway,NOR,2020-10-04,-8.85,-1.21,4.6,19.82
Norway,NOR,2020-10-11,-14.79,-2.44,10.22,-3.47
Norway,NOR,2020-10-18,-18.45,-11.21,5.32,-4.06
Norway,NOR,2020-10-25,-5.55,15.45,18.56,-4
Norway,NOR,2020-11-01,20.45,12.38,6.3,-3.25
Norway,NOR,2020-11-08,-8.36,6.76,17.04,-8.64
Norway,NOR,2020-11-15,-11.65,5.35,6.86,-4.29
Norway,NOR,2020-11-22,-13.13,-1.54,9.28,5.42
Norway,NOR,2020-11-29,-2.46,2.49,0,-8.36
Norway,NOR,2020-12-06,-6.55,-11.98,-0.64,-4.83
Norway,NOR,2020-12-13,-2.83,-8.05,10.21,0.22
Norway,NOR,2020-12-20,-33.46,9.33,9.65,-6.58
Norway,NOR,2020-12-27,-24.54,8.25,-6.9,-9.04
Norway,NOR,2021-01-03,-27.86,-7.95,-6.47,-6.69
Poland,POL,2020-01-05,-12.36,17.29,-15.69,11.28
Poland,POL,2020-01-12,-15,15.59,-18.87,7.92
Poland,POL,2020-01-19,-17.79,15.11,-20.64,4.66
Poland,POL,2020-01-26,-18.32,10.55,-20.08,1.99
Poland,POL,2020-02-02,-17.43,12.66,-13.56,5.79
Poland,POL,2020-02-09,-18.41,12.18,-18.74,5.56
Poland,POL,2020-02-16,-16.09,12.75,-16.3,9.02
Poland,POL,2020-02-23,-17.42,12.61,-15.97,7.95
Poland,POL,2020-03-01,-19.14,10.54,-14.84,9.52
Poland,POL,2020-03-08,-14.51,10.05,-13.18,6.23
Poland,POL,2020-03-15,-15.34,20,-15.72,13.8
Poland,POL,2020-03-22,-13.65,17.04,-12.52,13.54
Poland,POL,2020-03-29,-15.2,14.06,-8.5,11.3
Poland,POL,2020-04-05,-13.8,22.72,-9.92,6.45
Poland,POL,2020-04-12,-11.66,19.04,-8.09,12.78
Poland,POL,2020-04-19,-7.72,22.79,-5.77,23.26
Poland,POL,2020-04-26,-10.27,14.79,-10.71,14.36
Poland,POL,2020-05-03,-9.06,16.44,-4.76,15.88
Poland,POL,2020-05-10,-5.86,17.83,-7.26,13.43
Poland,POL,2020-05-17,-6.69,20.74,-3.36,13.46
Poland,POL,2020-05-24,-7.24,20.47,-10.37,15.79
Poland,POL,2020-05-31,-4.84,24.7,-10.25,15.68
Poland,POL,2020-06-07,-5.28,27.61,-5.28,19.75
Poland,POL,2020-06-14,-9.45,28.2,-0.98,15.22
Poland,POL,2020-06-21,-12.73,17.07,-7.25,18.07
Poland,POL,2020-06-28,-7.24,21.34,-4.57,13.99
Poland,POL,2020-07-05,-4.23,24.98,-3.13,21.29
Poland,POL,2020-07-12,-6.86,21.13,-3.67,9.89
Poland,POL,2020-07-19,-3.97,27.01,-7.15,12.9
Poland,POL,2020-07-26,-8.11,20.31,-5.4,9.74
Poland,POL,2020-08-02,-9.94,20.77,2.8,19.86
Poland,POL,2020-08-09,-1.36,27.61,-1.39,22.11
Poland,POL,2020-08-16,-2.34,34.07,9.65,23.02
Poland,POL,2020-08-23,1.98,34.8,2.52,28.03
Poland,POL,2020-08-30,-13.98,23.76,-2.11,13.58
Poland,POL,2020-09-06,-4.17,24.44,1.71,12.9
Poland,POL,2020-09-13,-8.15,30.51,1.59,23.47
Poland,POL,2020-09-20,-0.2,28.41,3.24,27.32
Poland,POL,2020-09-27,-5.25,28.6,2.77,19.98
Poland,POL,2020-10-04,-3.35,30.9,-0.23,17.5
Poland,POL,2020-10-11,4.2,38.82,14.79,30.56
Poland,POL,2020-10-18,8.34,48.99,34.09,41.66
Poland,POL,2020-10-25,26.17,82.8,66.02,78.45
Poland,POL,2020-11-01,43.16,124.91,100.81,110.22
Poland,POL,2020-11-08,59.63,143.11,126.49,140.33
Poland,POL,2020-11-15,52.21,141.47,119.08,121.97
Poland,POL,2020-11-22,45.37,125.57,97.64,110.98
Poland,POL,2020-11-29,36.72,99.66,85.09,92.03
Poland,POL,2020-12-06,31.11,90.23,62.34,71.9
Poland,POL,2020-12-13,25.17,75.18,48.89,58.72
Poland,POL,2020-12-20,16.1,73.52,43.76,45.17
Poland,POL,2020-12-27,22.64,71.12,40.64,44.5
Poland,POL,2021-01-03,10.91,63.02,28.11,42.06
Poland,POL,2021-01-10,-16.82,41.25,17.63,36.09
Portugal,PRT,2020-01-05,-8.87,-3.64,-16.48,-8.34
Portugal,PRT,2020-01-12,-0.71,1.5,-13.68,-2.17
Portugal,PRT,2020-01-19,0.22,-2.8,-12.82,3.26
Portugal,PRT,2020-01-26,-12.26,4.96,-9.75,-3.39
Portugal,PRT,2020-02-02,-3.36,18.23,-6.96,0.46
Portugal,PRT,2020-02-09,-4.52,-12.45,-12.49,0.42
Portugal,PRT,2020-02-16,-11.19,-7.51,-21.44,-10.29
Portugal,PRT,2020-02-23,5.55,-3.62,-10.52,-6.45
Portugal,PRT,2020-03-01,3.01,-2.91,-10.41,-6.98
Portugal,PRT,2020-03-08,-9.8,-0.68,-10.97,-4.2
Portugal,PRT,2020-03-15,10.47,3.18,-3.16,7.09
Portugal,PRT,2020-03-22,-4.78,7.77,7.37,18.79
Portugal,PRT,2020-03-29,5.23,16.02,12.6,26.52
Portugal,PRT,2020-04-05,16.19,15.56,15.02,30.47
Portugal,PRT,2020-04-12,10.43,18.51,20.9,32.25
Portugal,PRT,2020-04-19,4.32,7.39,19.27,28.82
Portugal,PRT,2020-04-26,-1.94,14.99,8.22,29.45
Portugal,PRT,2020-05-03,-7.29,9.12,4.29,21.13
Portugal,PRT,2020-05-10,0.71,13.44,7.44,21.98
Portugal,PRT,2020-05-17,-8.75,-5.82,8.88,12.1
Portugal,PRT,2020-05-24,5.91,-6.06,1.07,18.68
Portugal,PRT,2020-05-31,22.8,19.53,11.89,29.97
Portugal,PRT,2020-06-07,6.83,12.97,-0.48,12.55
Portugal,PRT,2020-06-14,-0.34,-8.23,-3.79,6.46
Portugal,PRT,2020-06-21,2.05,0.07,-7.04,-1.39
Portugal,PRT,2020-06-28,11.65,22.67,3.98,21.03
Portugal,PRT,2020-07-05,28.63,12.13,10.92,11.39
Portugal,PRT,2020-07-12,-0.2,11.31,13.73,38.08
Portugal,PRT,2020-07-19,20.61,13.25,46.27,65.69
Portugal,PRT,2020-07-26,5.96,17.4,31.27,47.11
Portugal,PRT,2020-08-02,9.4,13.53,11.33,24.97
Portugal,PRT,2020-08-09,-5.76,2.73,4.34,16.76
Portugal,PRT,2020-08-16,0.21,7.61,2.03,10.92
Portugal,PRT,2020-08-23,1.58,-1.19,-5.1,16.48
Portugal,PRT,2020-08-30,7.89,15.61,3.51,28.47
Portugal,PRT,2020-09-06,-3.91,12.45,13.83,16.49
Portugal,PRT,2020-09-13,18.84,22.42,19.15,32.23
Portugal,PRT,2020-09-20,1,12.02,11.71,29.11
Portugal,PRT,2020-09-27,-5.25,7.13,-6.95,7.13
Portugal,PRT,2020-10-04,-3.9,14.77,9.64,18.38
Portugal,PRT,2020-10-11,15.98,10.57,10.4,19.85
Portugal,PRT,2020-10-18,14.68,18.47,3.56,20.04
Portugal,PRT,2020-10-25,-0.68,9.28,11.02,18.69
Portugal,PRT,2020-11-01,6.79,24.14,19.89,35.15
Portugal,PRT,2020-11-08,16.05,21.22,26.02,32.07
Portugal,PRT,2020-11-15,19.51,30.25,32.86,36.68
Portugal,PRT,2020-11-22,16.37,24.51,27.24,33.18
Portugal,PRT,2020-11-29,-0.81,24.56,27.52,24.72
Portugal,PRT,2020-12-06,6.36,32.49,25.14,33.68
Portugal,PRT,2020-12-13,14.17,24.13,29.14,43.87
Portugal,PRT,2020-12-20,5.88,19.61,21.47,27.1
Portugal,PRT,2020-12-27,1.24,8.39,2.57,17.36
Portugal,PRT,2021-01-03,15.65,21.71,15.03,26.38
Portugal,PRT,2021-01-10,14.37,40.19,21.81,38.09
Scotland,,2020-01-05,-8.44,-14.12,-4.07,-10.61
Scotland,,2020-01-12,1.63,6.04,-7.88,5.05
Scotland,,2020-01-19,1.87,1.7,-6.73,-7.5
Scotland,,2020-01-26,-4.25,-0.35,-11.05,-7.78
Scotland,,2020-02-02,-7.91,-3.43,-2.85,-12.49
Scotland,,2020-02-09,-7.54,-6.06,-0.37,-2.39
Scotland,,2020-02-16,-3.76,4.9,-14.58,-10.24
Scotland,,2020-02-23,-8.75,-0.62,-5.65,-9.82
Scotland,,2020-03-01,-0.93,-0.19,1.83,0.89
Scotland,,2020-03-08,5.84,-5.32,-1.8,-2.44
Scotland,,2020-03-15,17.59,5.73,-5.75,-0.4
Scotland,,2020-03-22,17.11,10.25,10.81,-3.13
Scotland,,2020-03-29,-14,-6.91,-5.2,5.47
Scotland,,2020-04-05,47.94,59.33,66.05,58.26
Scotland,,2020-04-12,36.53,64.18,109.07,90
Scotland,,2020-04-19,29.72,58.09,86.81,115.06
Scotland,,2020-04-26,44.16,49.28,75.79,89.14
Scotland,,2020-05-03,33.68,28.94,50.82,89.16
Scotland,,2020-05-10,11.84,26.31,57.03,46.19
Scotland,,2020-05-17,29.1,9.48,31.73,52.71
Scotland,,2020-05-24,13.02,11.17,10.86,28.17
Scotland,,2020-05-31,11.52,1.55,10.63,16.64
Scotland,,2020-06-07,6.75,7.4,1.07,2
Scotland,,2020-06-14,-4.31,10.81,2.51,5.04
Scotland,,2020-06-21,7.72,-14.68,8.23,11.67
Scotland,,2020-06-28,-1.48,-19.42,5.75,0.69
Scotland,,2020-07-05,19.42,-6.95,-7.86,-8.87
Scotland,,2020-07-12,2.31,4.64,-9.36,-9.06
Scotland,,2020-07-19,4.1,2.8,-0.14,6.44
Scotland,,2020-07-26,9.73,-11.93,2.9,-6.03
Scotland,,2020-08-02,11.22,3,1.91,4.81
Scotland,,2020-08-09,4.66,12.43,2.94,-8.61
Scotland,,2020-08-16,11.65,-3.51,-18.46,-9.36
Scotland,,2020-08-23,6.04,12.21,7.65,-2.49
Scotland,,2020-08-30,13.13,15.85,2.4,-4.73
Scotland,,2020-09-06,22.91,18.82,-2.12,-1.4
Scotland,,2020-09-13,6.16,8.65,7.07,4.74
Scotland,,2020-09-20,7.54,-7.74,-8.13,-9.41
Scotland,,2020-09-27,-8.47,-8.75,-15.87,-9.66
Scotland,,2020-10-04,21.41,18.82,11.22,12.52
Scotland,,2020-10-11,3.05,-18.87,0.54,7.78
Scotland,,2020-10-18,-0.95,3.54,20.54,1.74
Scotland,,2020-10-25,21.15,23.21,4.15,10.78
Scotland,,2020-11-01,6.57,20.66,20.63,17.97
Scotland,,2020-11-08,15.07,11.38,12.59,13.06
Scotland,,2020-11-15,18.29,14.64,17.12,18.5
Scotland,,2020-11-22,14.99,25.5,1.21,38.67
Scotland,,2020-11-29,20.64,14.71,20.89,13.89
Scotland,,2020-12-06,15.82,27.05,8.68,10.47
Scotland,,2020-12-13,-2.09,10.19,1.78,6.94
Scotland,,2020-12-20,8.03,-6.65,0.63,5.53
Scotland,,2020-12-27,48.08,21.9,13.55,-3.33
Scotland,,2021-01-03,4.09,17.04,18.57,4.87
Scotland,,2021-01-10,52.78,40.8,30.48,28.32
Scotland,,2021-01-17,6.45,4.93,-7.88,-0.44
Scotland,,2021-01-24,19.22,17.02,7.07,9.96
Slovakia,SVK,2020-01-05,9.62,7.26,-18.52,-11.23
Slovakia,SVK,2020-01-12,-3.39,-1.53,-11.04,-2.53
Slovakia,SVK,2020-01-19,-12.66,9.52,-21.18,-9.51
Slovakia,SVK,2020-01-26,-2.02,-2.44,-11.33,-3.28
Slovakia,SVK,2020-02-02,-12.82,3.92,-4.39,-5.09
Slovakia,SVK,2020-02-09,-16.32,6,-13.71,-4.86
Slovakia,SVK,2020-02-16,-4.75,1.73,-2.47,2.59
Slovakia,SVK,2020-02-23,-14.07,0.39,-3.85,-15.81
Slovakia,SVK,2020-03-01,-16.67,3.3,-2.45,2.53
Slovakia,SVK,2020-03-08,-3.43,1.93,1.53,-6.46
Slovakia,SVK,2020-03-15,-10.27,8.73,4.25,3.21
Slovakia,SVK,2020-03-22,7.01,18.84,7.33,8.19
Slovakia,SVK,2020-03-29,-20.45,8.27,7.9,5.72
Slovakia,SVK,2020-04-05,-8.7,30.96,-2.48,10.93
Slovakia,SVK,2020-04-12,-12.76,-1.05,-4.39,3.61
Slovakia,SVK,2020-04-19,-10.52,-1.38,-2.44,-4.44
Slovakia,SVK,2020-04-26,-5.8,11.11,-8.64,-6.58
Slovakia,SVK,2020-05-03,-19.08,-1.2,10.38,4.18
Slovakia,SVK,2020-05-10,-4.42,14.9,8.7,0.59
Slovakia,SVK,2020-05-17,1.9,15.46,6.52,-7.49
Slovakia,SVK,2020-05-24,-11.93,12.17,-7.28,7.52
Slovakia,SVK,2020-05-31,-8.39,3.02,-3.76,-7.36
Slovakia,SVK,2020-06-07,-3.36,13.64,1.69,4.17
Slovakia,SVK,2020-06-14,-14.82,16.65,-0.45,6.71
Slovakia,SVK,2020-06-21,-26.09,6.25,-3.36,3.59
Slovakia,SVK,2020-06-28,-1.55,8.67,0.46,-4.02
Slovakia,SVK,2020-07-05,0,10.59,0.86,10.96
Slovakia,SVK,2020-07-12,5.68,10.32,-7.58,7.92
Slovakia,SVK,2020-07-19,-6.3,4.98,5.36,-7.69
Slovakia,SVK,2020-07-26,-22.92,19.53,-4.09,-18.67
Slovakia,SVK,2020-08-02,-12.36,1.64,6.08,5.44
Slovakia,SVK,2020-08-09,-8.84,4.17,20.7,25.44
Slovakia,SVK,2020-08-16,-15.44,10.19,7.14,-0.35
Slovakia,SVK,2020-08-23,-15.59,10.39,-1.53,16.79
Slovakia,SVK,2020-08-30,-3.96,17.76,8.44,3.93
Slovakia,SVK,2020-09-06,-7.02,-2.74,16.07,-0.7
Slovakia,SVK,2020-09-13,2.68,11.01,12.37,8.12
Slovakia,SVK,2020-09-20,-11.99,10.56,-0.59,-2.96
Slovakia,SVK,2020-09-27,-14.01,19.92,9.75,3.17
Slovakia,SVK,2020-10-04,8.42,21.24,18.43,5.07
Slovakia,SVK,2020-10-11,-7.82,27.83,1.5,7.76
Slovakia,SVK,2020-10-18,-4.82,36.61,24.01,10.94
Slovakia,SVK,2020-10-25,6.62,49.56,30.87,24.27
Slovakia,SVK,2020-11-01,9.11,39.59,42.02,45.08
Slovakia,SVK,2020-11-08,2.75,65.48,49.82,41.25
Slovakia,SVK,2020-11-15,9.77,54.74,49.75,40.6
Slovakia,SVK,2020-11-22,-1.49,48.81,51.62,32.51
Slovakia,SVK,2020-11-29,1.47,45.67,63.52,25.6
Slovenia,SVN,2020-01-05,-5.71,6.65,1.11,-13.75
Slovenia,SVN,2020-01-12,-26.63,11.56,-10.04,-3.23
Slovenia,SVN,2020-01-19,-25.77,-18.58,-14.31,9.77
Slovenia,SVN,2020-01-26,-10.14,-5.19,-12.73,4.55
Slovenia,SVN,2020-02-02,-12.98,16.58,-12.21,0.1
Slovenia,SVN,2020-02-09,-25.5,4.97,-15.72,14.24
Slovenia,SVN,2020-02-16,-2.78,10.41,4.17,15.43
Slovenia,SVN,2020-02-23,-14.53,-14.44,1.62,3.39
Slovenia,SVN,2020-03-01,-37.67,-2.93,-2.86,3.1
Slovenia,SVN,2020-03-08,3.8,-5.17,-6.79,15.6
Slovenia,SVN,2020-03-15,-21.92,-2.51,-4.08,10.07
Slovenia,SVN,2020-03-22,-18.67,10.35,8.44,14.19
Slovenia,SVN,2020-03-29,-33.99,14.24,-19.57,2.17
Slovenia,SVN,2020-04-05,-23.53,-21.97,-15.54,21.02
Slovenia,SVN,2020-04-12,-30.27,15.74,18.58,34.53
Slovenia,SVN,2020-04-19,-2.74,2.45,0.5,24.66
Slovenia,SVN,2020-04-26,-15.62,21.58,-20.04,23.51
Slovenia,SVN,2020-05-03,-24.47,8.47,-5.3,6.5
Slovenia,SVN,2020-05-10,-21.47,43.34,-13.88,15.45
Slovenia,SVN,2020-05-17,-7.89,-7.82,-3.1,11.21
Slovenia,SVN,2020-05-24,0,24.54,5.12,25.39
Slovenia,SVN,2020-05-31,-17.76,-25.68,-4.28,6.44
Slovenia,SVN,2020-06-07,-19,-0.65,-1.34,10.24
Slovenia,SVN,2020-06-14,-7.8,26.32,12.04,12.35
Slovenia,SVN,2020-06-21,-10.22,-3.91,21.39,12.96
Slovenia,SVN,2020-06-28,42.35,17.16,17.11,27.52
Slovenia,SVN,2020-07-05,1.52,-13.31,3.16,16.46
Slovenia,SVN,2020-07-12,-23.08,3.87,-30.3,21.97
Slovenia,SVN,2020-07-19,-40.58,0.67,-12.05,26.25
Slovenia,SVN,2020-07-26,-19.21,-3.23,-9.25,18.4
Slovenia,SVN,2020-08-02,0.32,0.96,-12.04,36.74
Slovenia,SVN,2020-08-09,-24.56,8.2,4.61,20.03
Slovenia,SVN,2020-08-16,-17.18,33.54,11.22,11.11
Slovenia,SVN,2020-08-23,-37.69,-6.16,-1.98,20.95
Slovenia,SVN,2020-08-30,-26.3,-12.39,-6.65,10.72
Slovenia,SVN,2020-09-06,-7.05,-6.56,5.81,30.7
Slovenia,SVN,2020-09-13,-1.93,11.46,-3.56,24.39
Slovenia,SVN,2020-09-20,-4.91,23.49,9.92,28.98
Slovenia,SVN,2020-09-27,-3.06,-10.71,-1.57,9.55
Slovenia,SVN,2020-10-04,13.18,6.63,-11.57,27.61
Slovenia,SVN,2020-10-11,-9.09,25,3.15,12.2
Slovenia,SVN,2020-10-18,21.58,-12.65,18.13,30.66
Slovenia,SVN,2020-10-25,15.38,33.52,12.37,56.3
Slovenia,SVN,2020-11-01,2.45,93.18,67.9,126.8
Slovenia,SVN,2020-11-08,-2.56,55.9,70.25,103.79
Slovenia,SVN,2020-11-15,36.08,78.12,87.39,115.69
Slovenia,SVN,2020-11-22,16.28,101.39,94.14,129.63
Slovenia,SVN,2020-11-29,2.72,99.06,106.56,167.44
Slovenia,SVN,2020-12-06,-0.3,52.62,105.53,154.69
Slovenia,SVN,2020-12-13,0,86.94,88.14,122.01
Slovenia,SVN,2020-12-20,-21.43,30.06,70.18,119.89
South Korea,KOR,2020-01-05,1.33,-4.03,7.58,12.67
South Korea,KOR,2020-01-12,-5.03,-0.06,-0.22,15.64
South Korea,KOR,2020-01-19,-1.63,-6.34,6,16.53
South Korea,KOR,2020-01-26,-0.43,-0.22,5.5,22.27
South Korea,KOR,2020-02-02,-6.32,-5.81,11.02,20.69
South Korea,KOR,2020-02-09,1.49,-0.64,8.77,24.51
South Korea,KOR,2020-02-16,-3.72,-3.29,6.61,16.03
South Korea,KOR,2020-02-23,-5.22,-8.8,0.47,13.51
South Korea,KOR,2020-03-01,-4.91,-5.91,2.1,13.97
South Korea,KOR,2020-03-08,-1.72,-1.08,0.6,11.96
South Korea,KOR,2020-03-15,-3.65,-4.75,-1.14,21.38
South Korea,KOR,2020-03-22,2.48,2.38,2.01,9.51
South Korea,KOR,2020-03-29,-5.45,-5.98,1.17,14.95
South Korea,KOR,2020-04-05,-3.37,-11.81,-2.83,16.37
South Korea,KOR,2020-04-12,-2.37,4,6.23,21.59
South Korea,KOR,2020-04-19,-6.4,-6.66,5.1,20.23
South Korea,KOR,2020-04-26,-5.86,5.5,-2.04,19.56
South Korea,KOR,2020-05-03,3.47,-1.9,6.65,26.15
South Korea,KOR,2020-05-10,-3.99,-5.53,2.29,17.06
South Korea,KOR,2020-05-17,-4.89,-6.07,-2.04,15.27
South Korea,KOR,2020-05-24,-0.86,1.39,-1.51,18.46
South Korea,KOR,2020-05-31,-4.68,-6.53,0.84,12.46
South Korea,KOR,2020-06-07,3.2,-2.41,6.12,24.71
South Korea,KOR,2020-06-14,1.26,6.98,0.05,24.46
South Korea,KOR,2020-06-21,-6.66,-5.02,5.19,22.55
South Korea,KOR,2020-06-28,-1.52,-1.26,5.89,19.05
South Korea,KOR,2020-07-05,-2.97,1.65,4.92,20.73
South Korea,KOR,2020-07-12,-6.8,-3.6,-0.27,19.57
South Korea,KOR,2020-07-19,3.03,3.67,3.18,21
South Korea,KOR,2020-07-26,-1.21,-0.87,5.12,22.35
South Korea,KOR,2020-08-02,-3.27,1.67,-1.79,21.41
South Korea,KOR,2020-08-09,-8.1,-6.99,2.89,20.29
South Korea,KOR,2020-08-16,9.99,0.73,10.05,21.42
South Korea,KOR,2020-08-23,-2.48,7.51,17.37,35.49
South Korea,KOR,2020-08-30,0.33,3.71,14.57,29.13
South Korea,KOR,2020-09-06,-0.48,0.06,3.67,23.16
South Korea,KOR,2020-09-13,-2.89,1.77,4.84,26.42
South Korea,KOR,2020-09-20,-4.41,5.5,5.6,29.46
South Korea,KOR,2020-09-27,-0.72,7,3.87,21.68
South Korea,KOR,2020-10-04,-7.17,4.9,0.36,25.43
South Korea,KOR,2020-10-11,3.76,3.91,2.56,26.46
South Korea,KOR,2020-10-18,-3.81,-7.55,5.87,20.56
South Korea,KOR,2020-10-25,-5.82,4.85,5.69,26.29
South Korea,KOR,2020-11-01,-0.32,-2.37,6,26.49
South Korea,KOR,2020-11-08,-1.19,7.96,-0.49,24.05
South Korea,KOR,2020-11-15,-3.87,3.53,6.25,18.73
South Korea,KOR,2020-11-22,-3.07,-0.09,1.61,19.13
South Korea,KOR,2020-11-29,-13.17,-2.45,-0.41,15.94
South Korea,KOR,2020-12-06,-7.42,2.87,2.89,16.84
Spain,ESP,2020-01-05,-6.09,-4.44,-21.46,-10.52
Spain,ESP,2020-01-12,-7.7,-8.41,-14.42,-6.89
Spain,ESP,2020-01-19,0.18,-0.66,-11.1,-5.36
Spain,ESP,2020-01-26,-2.1,8.26,-10.73,-0.77
Spain,ESP,2020-02-02,10.35,-3.06,-10.39,1.74
Spain,ESP,2020-02-09,-0.79,-3.91,-13.22,-4.96
Spain,ESP,2020-02-16,-8.54,-2.95,-14.88,-6.35
Spain,ESP,2020-02-23,-3.81,-7.51,-16.4,-10.26
Spain,ESP,2020-03-01,-4.38,-9.27,-18.55,-4.42
Spain,ESP,2020-03-08,-1.87,-4.2,-10.2,-3.06
Spain,ESP,2020-03-15,6.3,12.84,3.21,15.4
Spain,ESP,2020-03-22,25.14,51.91,59.6,61.08
Spain,ESP,2020-03-29,59.1,145.73,156.86,148.67
Spain,ESP,2020-04-05,56.88,126.11,157.75,195.05
Spain,ESP,2020-04-12,26.44,85.54,101.88,159.11
Spain,ESP,2020-04-19,27.33,44.28,51.28,99.53
Spain,ESP,2020-04-26,6.6,28.53,21.96,53.12
Spain,ESP,2020-05-03,5.47,16.9,7.33,31.11
Spain,ESP,2020-05-10,6.36,14.15,-2.07,19.09
Spain,ESP,2020-05-17,1.97,1.81,-5.25,0.81
Spain,ESP,2020-05-24,2.31,5.53,-5.28,4.72
Spain,ESP,2020-05-31,5.13,1.54,-4.65,7.72
Spain,ESP,2020-06-07,-5.74,6.22,-11.59,-1.77
Spain,ESP,2020-06-14,-1.37,-5.51,-10.32,-7.45
Spain,ESP,2020-06-21,-8.1,-4.86,-12.07,-3.78
Spain,ESP,2020-06-28,0.6,0.71,-6.68,4.42
Spain,ESP,2020-07-05,3.32,7.09,-4.48,5.45
Spain,ESP,2020-07-12,3.52,6.79,-2.99,7.35
Spain,ESP,2020-07-19,0.61,8.49,-2.12,6.63
Spain,ESP,2020-07-26,10.01,4.78,-1.11,13.24
Spain,ESP,2020-08-02,12.7,10.94,10.03,22.41
Spain,ESP,2020-08-09,9.4,7.16,10.9,22.89
Spain,ESP,2020-08-16,12.47,11.19,12.07,22.48
Spain,ESP,2020-08-23,14.48,9.57,5.18,21.08
Spain,ESP,2020-08-30,18.16,14.34,10.05,18.38
Spain,ESP,2020-09-06,12.39,20.04,7.92,19.77
Spain,ESP,2020-09-13,12.78,14.02,17.31,28.82
Spain,ESP,2020-09-20,12.44,18.42,13.36,26.66
Spain,ESP,2020-09-27,11.82,14.73,12.48,21.49
Spain,ESP,2020-10-04,13.73,22.66,12.43,20.89
Spain,ESP,2020-10-11,21.3,24.4,14.69,26.35
Spain,ESP,2020-10-18,10.61,22.28,19.74,24.13
Spain,ESP,2020-10-25,22.02,30.65,24.62,38.93
Spain,ESP,2020-11-01,21.2,33.78,30.4,33.5
Spain,ESP,2020-11-08,19.09,31.44,36.31,47.07
Spain,ESP,2020-11-15,17.24,34.4,26.58,34.79
Spain,ESP,2020-11-22,11.76,26.39,21.47,30.83
Spain,ESP,2020-11-29,10.66,23.96,17.41,23.32
Spain,ESP,2020-12-06,9.4,28.75,16.54,21.72
Spain,ESP,2020-12-13,11.54,21.2,7.88,16.26
Spain,ESP,2020-12-20,6.94,17.7,3.23,10.3
Spain,ESP,2020-12-27,3.32,5.75,-3.33,1.97
Spain,ESP,2021-01-03,3.31,7.4,0.64,3.64
Spain,ESP,2021-01-10,4.27,5.79,-3.59,3.94
Spain,ESP,2021-01-17,3.9,10.04,2.38,10.83
Sweden,SWE,2020-01-05,-11.42,-12.84,1.67,-10.78
Sweden,SWE,2020-01-12,-0.92,-5.31,-4.22,-1.83
Sweden,SWE,2020-01-19,-15.83,0.48,-3.61,-7.27
Sweden,SWE,2020-01-26,-12.34,-10.76,-1.91,-14.8
Sweden,SWE,2020-02-02,-10.9,-8.07,8.89,-4.62
Sweden,SWE,2020-02-09,-8.04,-17.52,-2.72,-9.06
Sweden,SWE,2020-02-16,-8.42,-10.55,-0.41,-5.52
Sweden,SWE,2020-02-23,-11.35,-9.67,-2.72,-15.45
Sweden,SWE,2020-03-01,-8.29,-14.73,-2.6,-13.64
Sweden,SWE,2020-03-08,-8.13,-0.4,5.25,-11.12
Sweden,SWE,2020-03-15,-2.97,-16.13,-7.88,-8.23
Sweden,SWE,2020-03-22,-10.46,-3.32,14.42,3.5
Sweden,SWE,2020-03-29,4.37,9.4,21.76,8.65
Sweden,SWE,2020-04-05,9.96,30.71,46.55,29.04
Sweden,SWE,2020-04-12,27.06,27.53,60.54,50.82
Sweden,SWE,2020-04-19,22.28,17.63,61.04,47.24
Sweden,SWE,2020-04-26,-3.74,25.09,43.51,41.43
Sweden,SWE,2020-05-03,16.06,19.59,44.86,41.2
Sweden,SWE,2020-05-10,-1.87,16.44,50.55,38.3
Sweden,SWE,2020-05-17,9.46,2.65,45.21,27.84
Sweden,SWE,2020-05-24,14.42,11.15,28.03,26.05
Sweden,SWE,2020-05-31,-4.87,2.44,5.86,10.86
Sweden,SWE,2020-06-07,11.31,-5.03,33.98,9.69
Sweden,SWE,2020-06-14,-16.48,12.5,28.6,10.44
Sweden,SWE,2020-06-21,4.51,-10.12,27.19,6.05
Sweden,SWE,2020-06-28,14.44,-17.21,8.62,14.5
Sweden,SWE,2020-07-05,-12.8,-8.82,10.99,-2.4
Sweden,SWE,2020-07-12,-3.72,-6.61,13.66,-3.96
Sweden,SWE,2020-07-19,-4.32,-4.94,-4.29,-2.53
Sweden,SWE,2020-07-26,-14.79,-3.54,-5.68,5.16
Sweden,SWE,2020-08-02,-4.34,-4.26,13.42,-10.73
Sweden,SWE,2020-08-09,-1.06,-13.7,13.29,3.88
Sweden,SWE,2020-08-16,-2.96,-4.52,11.48,-6.43
Sweden,SWE,2020-08-23,-5.7,-3,9.64,1.67
Sweden,SWE,2020-08-30,-10.91,-11.03,2.14,-9.09
Sweden,SWE,2020-09-06,3.53,-10.28,0.14,-4.73
Sweden,SWE,2020-09-13,-15.3,-9.16,4.97,0.09
Sweden,SWE,2020-09-20,-15.45,2.18,0.69,-5.19
Sweden,SWE,2020-09-27,-19.98,-12.43,9.76,-0.2
Sweden,SWE,2020-10-04,-14.24,-8.11,4.14,-8.35
Sweden,SWE,2020-10-11,-16.3,-15.97,6.15,-9.32
Sweden,SWE,2020-10-18,-9.84,0.07,4.74,-2.91
Sweden,SWE,2020-10-25,-16.58,-16.48,4.03,-5.56
Sweden,SWE,2020-11-01,-19.27,-6.18,11.89,-0.21
Sweden,SWE,2020-11-08,-10.48,-3.82,15.35,-4.8
Sweden,SWE,2020-11-15,-2.22,0.65,20.37,11.16
Sweden,SWE,2020-11-22,8.82,11.99,29.95,18.45
Sweden,SWE,2020-11-29,-12.02,-4.4,22.68,18.19
Sweden,SWE,2020-12-06,-20.02,13.85,27.47,27.8
Sweden,SWE,2020-12-13,16.52,3.48,30.27,22.33
Sweden,SWE,2020-12-20,-17.63,15.97,53.13,27.05
Sweden,SWE,2020-12-27,7.46,14.83,36.14,26.93
Sweden,SWE,2021-01-03,2.45,4.58,40.15,33.43
Sweden,SWE,2021-01-10,-15.35,-5.49,27.04,13.59
Switzerland,CHE,2020-01-05,-15.34,-2.78,-7.74,-13.31
Switzerland,CHE,2020-01-12,-6.13,-5.46,-6.59,-10.03
Switzerland,CHE,2020-01-19,-4.96,-9.5,-9.86,-3.56
Switzerland,CHE,2020-01-26,-7.03,13.02,-7.29,-4.07
Switzerland,CHE,2020-02-02,-8.98,-2.71,2.28,-4.62
Switzerland,CHE,2020-02-09,-3.7,2.56,-4.13,-13.73
Switzerland,CHE,2020-02-16,-10.8,-12.12,-5.99,-8.25
Switzerland,CHE,2020-02-23,2.76,-16.51,-11.13,-9.1
Switzerland,CHE,2020-03-01,-6.76,-15.69,-11.78,-11.21
Switzerland,CHE,2020-03-08,-10.47,-12.69,-2.39,-5.74
Switzerland,CHE,2020-03-15,-7.84,-7.84,4.37,1.67
Switzerland,CHE,2020-03-22,-2.09,7.95,28.39,12.23
Switzerland,CHE,2020-03-29,11.81,27.83,23.01,31.67
Switzerland,CHE,2020-04-05,6.22,34.68,43.15,58.01
Switzerland,CHE,2020-04-12,9.69,20.97,29.73,45.06
Switzerland,CHE,2020-04-19,4.01,11.29,27.29,40.48
Switzerland,CHE,2020-04-26,21.88,-2.04,3.99,23.32
Switzerland,CHE,2020-05-03,-18.03,-13.18,-7.02,16.83
Switzerland,CHE,2020-05-10,-3.52,-4.89,-2.11,0.54
Switzerland,CHE,2020-05-17,1.67,-14.37,3.37,-2.38
Switzerland,CHE,2020-05-24,-7.38,2.94,-5.17,1.02
Switzerland,CHE,2020-05-31,2.46,-20.43,-9.99,1.64
Switzerland,CHE,2020-06-07,-6.37,-7.56,-5.68,8.5
Switzerland,CHE,2020-06-14,-7.41,-0.68,4.52,1.37
Switzerland,CHE,2020-06-21,-2.17,-4.34,-7.4,1.36
Switzerland,CHE,2020-06-28,0.25,-1.23,2.29,-3.6
Switzerland,CHE,2020-07-05,-1.28,-4.55,-0.06,-1.49
Switzerland,CHE,2020-07-12,-2.6,-15.75,6.54,-0.98
Switzerland,CHE,2020-07-19,-20.73,-22.05,-2.81,-4.99
Switzerland,CHE,2020-07-26,0.79,-20.32,1.71,-2.92
Switzerland,CHE,2020-08-02,6.71,-4.01,3.78,15.57
Switzerland,CHE,2020-08-09,-2.3,-2.68,6.52,-2.43
Switzerland,CHE,2020-08-16,9.38,-15.26,9.04,8.61
Switzerland,CHE,2020-08-23,-10.18,-5.26,0.68,10.08
Switzerland,CHE,2020-08-30,-11.76,2.16,-5.2,5.91
Switzerland,CHE,2020-09-06,-11.48,-0.11,-1.32,1.8
Switzerland,CHE,2020-09-13,-3.68,1.43,2.37,10.41
Switzerland,CHE,2020-09-20,-26.56,-6.07,9.41,8.85
Switzerland,CHE,2020-09-27,5.6,-4.56,1,2.73
Switzerland,CHE,2020-10-04,-14.42,9.03,-1.65,-2.01
Switzerland,CHE,2020-10-11,7.71,-4.02,3.83,9.68
Switzerland,CHE,2020-10-18,-20.72,-10.36,-2.84,14.24
Switzerland,CHE,2020-10-25,6.44,4.97,11.28,28.79
Switzerland,CHE,2020-11-01,-11.07,6.8,30.93,54.08
Switzerland,CHE,2020-11-08,5.04,32.57,66.37,81.69
Switzerland,CHE,2020-11-15,2.59,30.41,67.96,88.93
Switzerland,CHE,2020-11-22,-8.43,37.19,78.4,80.3
Switzerland,CHE,2020-11-29,-12.97,43.89,50.51,73.51
Switzerland,CHE,2020-12-06,-0.86,18.07,42.9,81.2
Switzerland,CHE,2020-12-13,-0.37,4.19,50.46,62.43
Taiwan,TWN,2020-01-05,2.16,5.84,-2.33,10.77
Taiwan,TWN,2020-01-12,-1.99,15.97,-3.09,7.25
Taiwan,TWN,2020-01-19,-0.37,8.12,-5.15,4.66
Taiwan,TWN,2020-01-26,-1.38,10.78,-4.2,6.72
Taiwan,TWN,2020-02-02,-2.44,11.17,5.95,10.82
Taiwan,TWN,2020-02-09,-3.29,15.01,4.28,13.55
Taiwan,TWN,2020-02-16,-10.23,12.15,-1.87,7.39
Taiwan,TWN,2020-02-23,-6.38,-0.89,-9.13,10.47
Taiwan,TWN,2020-03-01,-8.26,11.36,0.69,-3.4
Taiwan,TWN,2020-03-08,-0.89,9.9,-4.65,4.46
Taiwan,TWN,2020-03-15,-14.03,0.7,-9.37,-7.06
Taiwan,TWN,2020-03-22,-8.16,5.13,0.51,8.44
Taiwan,TWN,2020-03-29,-12.87,2.71,-5.28,1.87
Taiwan,TWN,2020-04-05,-5.87,9.21,-8.26,0.44
Taiwan,TWN,2020-04-12,-4.32,19.76,-9.07,8.54
Taiwan,TWN,2020-04-19,4.38,10.73,5.34,17.18
Taiwan,TWN,2020-04-26,-6,10.42,-1.18,3.59
Taiwan,TWN,2020-05-03,3.82,12.62,-6.51,8.59
Taiwan,TWN,2020-05-10,4.54,15.22,3.6,4.76
Taiwan,TWN,2020-05-17,-6.75,5.97,-0.55,6.77
Taiwan,TWN,2020-05-24,-7.37,1.84,-5.23,-5.06
Taiwan,TWN,2020-05-31,-13.74,3.78,-5.98,8.35
Taiwan,TWN,2020-06-07,-1.06,4.83,-6.04,5.56
Taiwan,TWN,2020-06-14,-0.68,0.63,-3.93,1.08
Taiwan,TWN,2020-06-21,-13.09,5.47,-6.07,6.27
Taiwan,TWN,2020-06-28,-12.99,12.14,0.75,6.71
Taiwan,TWN,2020-07-05,-10.64,5.78,-3.53,4.11
Taiwan,TWN,2020-07-12,-14.08,5.91,-11.91,0.95
Taiwan,TWN,2020-07-19,-2.87,9.24,-7.36,4.61
Taiwan,TWN,2020-07-26,-15.2,6.68,-1.14,7.15
Taiwan,TWN,2020-08-02,-6.61,3.03,-6.33,-1.6
Taiwan,TWN,2020-08-09,-5.35,0.48,-12.33,-1.39
Taiwan,TWN,2020-08-16,-2.72,6.14,-4.08,-4.2
Taiwan,TWN,2020-08-23,-4.61,12.03,-4.52,3.04
Taiwan,TWN,2020-08-30,-10.51,4.17,-7.23,2.68
Taiwan,TWN,2020-09-06,-2.59,10.54,-9.58,2.59
Taiwan,TWN,2020-09-13,-8.29,7.69,-12.98,8.12
Taiwan,TWN,2020-09-20,-8.87,16.42,-10.65,8.55
Taiwan,TWN,2020-09-27,-5.14,10.89,-3.58,5.42
United States,USA,2020-01-05,1.52,2.35,0.89,-4.08
United States,USA,2020-01-12,1.24,3.63,0.86,-3.61
United States,USA,2020-01-19,2.87,3.12,0.05,-3.18
United States,USA,2020-01-26,3.12,5.23,2.69,-3.07
United States,USA,2020-02-02,1.52,5.35,2.04,-1.09
United States,USA,2020-02-09,3.27,4.9,4.06,-1.28
United States,USA,2020-02-16,2.26,5.56,4.17,-1.97
United States,USA,2020-02-23,4.31,6.46,5.33,0
United States,USA,2020-03-01,3.25,8.97,7.33,0.85
United States,USA,2020-03-08,4.2,9.29,7.76,0.89
United States,USA,2020-03-15,3.33,10.81,6.98,1.46
United States,USA,2020-03-22,6.44,11.78,10.74,0.68
United States,USA,2020-03-29,13.44,17.64,19.52,11.71
United States,USA,2020-04-05,28.38,39.44,37.4,27.73
United States,USA,2020-04-12,38.33,54.09,51.34,42.98
United States,USA,2020-04-19,32.67,49.44,50.2,47.36
United States,USA,2020-04-26,32.86,42.19,45.93,42.69
United States,USA,2020-05-03,24.5,38.36,34.57,32.49
United States,USA,2020-05-10,26.15,35.11,32.46,25.85
United States,USA,2020-05-17,23.71,30.78,27.35,24.03
United States,USA,2020-05-24,23.01,25.34,20.61,15.94
United States,USA,2020-05-31,17.65,25.08,19.81,12.18
United States,USA,2020-06-07,19.37,21.7,15.61,6.87
United States,USA,2020-06-14,18.76,22.02,14.79,6.13
United States,USA,2020-06-21,18.16,22.75,16.73,5.21
United States,USA,2020-06-28,19.53,22.76,17.64,7.73
United States,USA,2020-07-05,21.22,26.49,19.09,9.25
United States,USA,2020-07-12,28.86,34.42,22.97,11.05
United States,USA,2020-07-19,30.06,36.2,28.52,16.21
United States,USA,2020-07-26,30.41,41.09,33.52,17.35
United States,USA,2020-08-02,29.46,41.68,34.07,17.14
United States,USA,2020-08-09,27.91,38.43,33.15,15.33
United States,USA,2020-08-16,28.92,38.97,31.99,15.99
United States,USA,2020-08-23,25.01,37.3,29.85,15.76
United States,USA,2020-08-30,21.94,30.01,24.91,13.58
United States,USA,2020-09-06,19.22,29.13,22.43,10.34
United States,USA,2020-09-13,19.92,24.7,19.14,8.25
United States,USA,2020-09-20,16.34,26.46,19.58,8.7
United States,USA,2020-09-27,16.62,25.48,20.12,11.68
United States,USA,2020-10-04,10.89,21.9,16.11,5.86
United States,USA,2020-10-11,16.5,22.44,18.99,8.43
United States,USA,2020-10-18,9.92,18.6,14.88,5.01
United States,USA,2020-10-25,11.44,18.13,18,9.39
United States,USA,2020-11-01,11.11,23.29,18.64,9.91
United States,USA,2020-11-08,15.37,27.37,27.12,17.44
United States,USA,2020-11-15,15.7,28.74,28.34,17.94
United States,USA,2020-11-22,15.52,33.48,33.5,23.49
United States,USA,2020-11-29,15.33,34.8,33.24,26.42
United States,USA,2020-12-06,15.97,37.82,38.75,29.12
United States,USA,2020-12-13,17.5,37.23,42.51,35